"CdNom","N_resample","estimate_E","estim_sd_E","z_value_E","estimate_Eold","estim_sd_Eold","z_value_Eold","estimate_B","estim_sd_B","z_value_B","AIC_null","AIC_envir","AIC_envirold","AIC_FA_E","AIC_FA_Eold","AIC_FA_B","delta AIC","delta AIC old","Dist_lisiere_act","FORMATION","STRUCTURE","Altitude","I(Altitude^2)","exposition","I(exposition^2)","pH","I(pH^2)","Azote","I(Azote^2)","Pente","I(Pente^2)","phosphore","I(phosphore^2)","limons","argile","Dist_route"
"77490","1","0.229677341863794","0.312318782308601","0.735393946422505","0.0224469487402539","0.328968657461464","0.0682343081358239","0.229677341863794","0.312318782308601","0.735393946422505","588.175768115428","588.175768115428","574.774811846489","589.610184294901","576.770139431998","589.610184294901","-1.43441617947303","-1.9953275855097",NA,NA,NA,"0.106198058860375",NA,NA,NA,"0.132881200044799","0.109551881812074",NA,NA,NA,NA,"0.0290630326459672","0.10263755539537",NA,"0.0213287723359516","0.0464611463344782"
"77490","2","0.229677341863792","0.312318782308597","0.735393946422512","0.0636814278888355","0.328420432710969","0.193902149641461","0.229677341863792","0.312318782308597","0.735393946422512","588.175768115428","588.175768115428","577.242245152961","589.610184294901","579.204266703285","589.610184294901","-1.43441617947303","-1.96202155032483",NA,NA,NA,"0.0246164582389999",NA,NA,NA,NA,"0.00784451559301898",NA,NA,NA,NA,"0.0107947928567454",NA,NA,"0.0255790433251497","0.0124756702694533"
"77490","3","0.133880235407074","0.312855871242063","0.42792943241103","0.0452002212417724","0.32618367046528","0.138572912547391","0.133880235407074","0.312855871242063","0.42792943241103","588.175768115428","588.175768115428","579.09383731838","589.987799399509","581.07449297322","589.987799399509","-1.81203128408083","-1.98065565484012",NA,NA,NA,"0.0809971777025951",NA,NA,NA,NA,"0.0136343762015991",NA,NA,NA,NA,"0.00440582316183799",NA,NA,"0.0379380629627709","0.0287947741262177"
"77490","4","0.156938211277185","0.312721592671098","0.501846418524235","0.0853069308773286","0.324899343865934","0.262564183301427","0.156938211277185","0.312721592671098","0.501846418524235","588.175768115428","588.175768115428","579.143633679798","589.916088425508","581.073702687231","589.916088425508","-1.74032031007982","-1.93006900743308",NA,NA,"0.083167026997768",NA,NA,NA,NA,"0.138946535672563","0.124376109904949",NA,NA,NA,NA,"0.0182580093688869","0.0789915903985429",NA,NA,"0.0661346359256704"
"77490","5","0.179668374769754","0.312592382656103","0.574768883499681","0.0512339157428017","0.319984549428025","0.160113717472868","0.179668374769754","0.312592382656103","0.574768883499681","588.175768115428","588.175768115428","581.409367184354","589.83362378154","583.383496250119","589.83362378154","-1.65785566611157","-1.97412906576483",NA,NA,"0.0844495706128995",NA,NA,NA,NA,NA,NA,NA,NA,"0.0585319010125374","0.149056669399278","0.0114098158700708",NA,NA,NA,"0.0265413333254141"
"77490","6","0.224195364294641","0.312348075078296","0.717774118628528","0.104308831161406","0.328349331041166","0.317676393098326","0.224195364294641","0.312348075078296","0.717774118628528","588.175768115428","588.175768115428","576.890816292179","589.637537085528","578.788237036253","589.637537085528","-1.46176897009991","-1.89742074407491",NA,NA,"0.0823836424967065",NA,NA,NA,NA,"0.0688155856622688","0.0601237605632897",NA,NA,NA,NA,"0.00822632149373104",NA,NA,NA,"0.0778608408246272"
"77490","7","0.0626014105767168","0.313292216720557","0.199817956641274","0.141641968112513","0.321027114515491","0.441214968169545","0.0626014105767168","0.313292216720557","0.199817956641274","588.175768115428","588.175768115428","581.329062177602","590.135350913506","583.129477007769","590.135350913506","-1.9595827980778","-1.80041483016703",NA,NA,NA,NA,NA,NA,NA,NA,"0.0356544303694584",NA,NA,NA,NA,"0.0444260477009062","0.148009025098561",NA,NA,"0.0653816481559536"
"77490","8","0.202083417411952","0.312467963229966","0.646733237299035","0.142383692175156","0.324096652572022","0.439324784891182","0.202083417411952","0.312467963229966","0.646733237299035","588.175768115428","588.175768115428","577.543088570783","589.740685303437","579.345361456462","589.740685303437","-1.56491718800817","-1.80227288567971",NA,NA,"0.116328456509725",NA,NA,NA,NA,NA,"0.0329091774011181",NA,NA,NA,NA,"0.0131798128271336","0.0807568870879583",NA,NA,"0.0578890953459526"
"77490","9","0.213176550980957","0.312407468268199","0.682367013063678","0.256419910423107","0.319042787543215","0.803716367944456","0.213176550980957","0.312407468268199","0.682367013063678","588.175768115428","588.175768115428","581.053673239252","589.690371491604","582.377425082154","589.690371491604","-1.51460337617584","-1.32375184290152",NA,NA,NA,NA,NA,NA,NA,NA,"0.0853590163237211",NA,NA,NA,NA,"0.00356918724888322",NA,NA,NA,"0.061983169598957"
"77490","10","0.0891494368077886","0.313391780670402","0.284466416499762","0.00110105161159786","0.330998093912451","0.00332645906984919","0.0986490808539067","0.313067451472951","0.315104877207045","588.175768115428","588.024130474064","575.563505249802","589.941798051027","577.563494182596","590.074548714689","-1.91766757696223","-1.99998893279462",NA,NA,NA,"0.0577788417994745",NA,NA,NA,NA,"0.001236092655878",NA,NA,NA,NA,"0.0335097337143882","0.116497909040982",NA,"0.0292554068490467","0.0239703722022745"
"77490","11","0.190914519577842","0.312529590744183","0.61086861926656","0.168073692763495","0.323450228207983","0.519627683352324","0.190914519577842","0.312529590744183","0.61086861926656","588.175768115428","588.175768115428","576.593440885074","589.788446909687","578.315574768655","589.788446909687","-1.61267879425839","-1.72213388358136",NA,NA,NA,NA,NA,NA,NA,"0.131813365969908","0.114750057276527",NA,NA,NA,NA,"0.00398318792837608",NA,NA,"0.0314523036549634",NA
"77490","12","0.128062965916435","0.312890267339242","0.40929034643825","0.133382484423786","0.320209905054252","0.416547028428705","0.128062965916435","0.312890267339242","0.40929034643825","588.175768115428","588.175768115428","578.36338134633","590.004012498073","580.185693369049","590.004012498073","-1.82824438264458","-1.82231202271828",NA,NA,NA,NA,NA,NA,NA,NA,"0.0729642616575954",NA,NA,NA,NA,"0.0235810501280556","0.113902062732603",NA,NA,"0.029723457593892"
"77490","13","0.262195925982301","0.312148454368307","0.839971886174818","0.128304185769695","0.327005088550567","0.39236143491955","0.262195925982301","0.312148454368307","0.839971886174818","588.175768115428","588.175768115428","572.565633100491","589.433202909793","574.408490225918","589.433202909793","-1.25743479436426","-1.84285712542669",NA,NA,"0.0388216278144928","0.01523081799806",NA,NA,NA,NA,"0.000870769257704579",NA,NA,NA,NA,"0.00135527967299351",NA,NA,"0.0899797681579939","0.0132952858899864"
"77490","14","0.156938211277123","0.312721592671098","0.501846418524036","0.118316457112682","0.322952819581258","0.366358334527291","0.156938211277123","0.312721592671098","0.501846418524036","588.175768115428","588.175768115428","577.073156914697","589.916088425508","578.936187397889","589.916088425508","-1.74032031007994","-1.86303048319212",NA,NA,NA,NA,NA,NA,NA,"0.125011096027389","0.109035677299531",NA,NA,NA,NA,"0.0406751125985957","0.12290641864222",NA,NA,"0.0687095542499816"
"77490","15","0.0986490808538844","0.313067451472953","0.315104877206972","0.0121365046670434","0.327388507440236","0.0370706496753215","0.0986490808538844","0.313067451472953","0.315104877206972","588.175768115428","588.175768115428","574.861052792229","590.074548714689","576.859675850439","590.074548714689","-1.89878059926093","-1.99862305820966",NA,NA,NA,NA,NA,NA,NA,"0.13007208183372","0.112990175140406",NA,NA,"0.0784746437818088",NA,"0.0312831448055362","0.11749197636389",NA,"0.137813528821751","0.0770694337512029"
"77490","16","0.179668374769779","0.312592382656107","0.574768883499758","0.203513308207287","0.318402773740591","0.639169394840428","0.179668374769779","0.312592382656107","0.574768883499758","588.175768115428","588.175768115428","582.603086379705","589.83362378154","584.179206886906","589.83362378154","-1.65785566611169","-1.57612050720036",NA,NA,NA,NA,NA,NA,NA,NA,"0.124764499962277",NA,NA,NA,NA,"0.0072350382361188",NA,NA,NA,"0.0683435038008614"
"77490","17","0.246015620821803","0.31223247594172","0.787924510670451","0.206776239576395","0.323888135167237","0.638418691903081","0.246015620821803","0.31223247594172","0.787924510670451","588.175768115428","588.175768115428","575.452381438424","589.524428531499","577.030355095466","589.524428531499","-1.34866041607029","-1.57797365704175",NA,NA,NA,"0.0278289120830482",NA,NA,NA,NA,"0.00174082574217244",NA,NA,NA,NA,"0.0061538282239645",NA,NA,"0.0385749249284128","0.0109500512389308"
"77490","18","0.19091451957792","0.312529590744182","0.610868619266812","0.0203173468654943","0.332095704775805","0.0611791919417035","0.19091451957792","0.312529590744182","0.610868619266812","588.175768115428","588.175768115428","576.937435559604","589.788446909687","578.933681090591","589.788446909687","-1.61267879425839","-1.99624553098636",NA,NA,"0.153212453643786","0.0951955712487213",NA,NA,NA,NA,"0.0020456896141383",NA,NA,NA,NA,"0.0220421496232689","0.0954650856572622",NA,"0.0479523433314801","0.0442203375676716"
"77490","19","0.179668374769764","0.312592382656107","0.574768883499709","0.264782727265502","0.320069752281114","0.827265698737277","0.179668374769764","0.312592382656107","0.574768883499709","588.175768115428","588.175768115428","578.853939940507","589.83362378154","580.13684212563","589.83362378154","-1.65785566611157","-1.28290218512291",NA,NA,NA,NA,NA,NA,NA,NA,"0.079040638184691",NA,NA,NA,NA,"0.00153305716300594",NA,NA,NA,"0.0282392937394565"
"77490","20","0.315044244603645","0.311883756098218","1.01013354637307","0.229348922075601","0.324103623102295","0.707640722680884","0.315044244603645","0.311883756098218","1.01013354637307","588.175768115428","588.175768115428","577.70923320686","589.090799567529","579.188976693704","589.090799567529","-0.915031452100152","-1.47974348684465",NA,NA,"0.102513325813871",NA,NA,NA,NA,NA,"0.0404219218418639",NA,NA,NA,NA,"0.0181492631395159","0.0856857148156538",NA,NA,"0.0236988925138074"
"77619","1","0.0781248762827884","0.162959442122775","0.479413007709787","0.0781248762827884","0.162959442122775","0.479413007709787","0.0333855455511753","0.157714962559766","0.211682804277519","1474.58060447979","1468.6238486763","1468.6238486763","1470.39261587247","1470.39261587247","1476.53566513009","-1.76876719616621","-1.76876719616621",NA,"0.074626455832589",NA,NA,NA,NA,"0.00774463602900354",NA,NA,NA,NA,NA,NA,NA,NA,NA,NA,NA
"77619","2","0.042131811277748","0.15848637370781","0.265838698255684","0.00612235584499416","0.160359312577669","0.0381789853459795","0.0263159774068705","0.157809025153513","0.166758380145058","1474.58060447979","1466.68767849581","1465.87389234352","1468.61675325055","1467.87243399534","1476.55273287258","-1.92907475474044","-1.99854165181637",NA,NA,NA,NA,NA,NA,"0.00125249590184378",NA,NA,NA,NA,"0.0873385799939987",NA,NA,NA,NA,"0.119420611135598",NA
"77619","3","-0.0486441115717126","0.161940647573615","-0.300382345634377","-0.0486441115717126","0.161940647573615","-0.300382345634377","-0.0386996024956726","0.158707486451507","-0.243842325027919","1474.58060447979","1468.6039968653","1468.6039968653","1470.5141056442","1470.5141056442","1476.52133824441","-1.91010877890176","-1.91010877890176",NA,"0.0620586862864392",NA,NA,NA,NA,"0.00862931214315912",NA,NA,NA,NA,NA,NA,NA,NA,NA,NA,NA
"77619","4","0.105613662735683","0.164234261656004","0.643067175330901","0.0350399390380571","0.165939450365779","0.211160992523591","0.0889094913727866","0.157000254814077","0.566301573701744","1474.58060447979","1462.14668272676","1458.50411075585","1463.72998092891","1460.45941672839","1476.25737142471","-1.58329820215226","-1.95530597254037",NA,"0.0180382698299228","0.0770147304843886",NA,NA,NA,"0.000462764985382425","0.0458055673065127",NA,"0.120231415438288",NA,NA,"0.0439098841453411","0.0444457387256248","0.0672730855896659",NA,NA,NA
"77619","5","-0.116447315606572","0.160107878170606","-0.727305345227855","-0.0597486388270883","0.162209158715658","-0.368343189127955","-0.098757491510862","0.159592665723243","-0.618809711983393","1474.58060447979","1472.70023085471","1470.41855865045","1474.17614444872","1472.28350965238","1476.20074835984","-1.47591359401463","-1.86495100193474",NA,NA,"0.147332166935628",NA,NA,NA,"0.0446038182069124",NA,NA,NA,"0.037877301786023",NA,NA,NA,NA,NA,NA,NA
"77619","6","-0.175229393236987","0.163062851853136","-1.07461258800262","-0.175229393236987","0.163062851853136","-1.07461258800262","-0.217988333992274","0.161516438786371","-1.34963558898544","1474.58060447979","1468.84824798434","1468.84824798434","1469.70838633826","1469.70838633826","1474.78909966248","-0.860138353928278","-0.860138353928278",NA,NA,"0.0418619208086775",NA,NA,NA,"0.0185196720080137",NA,NA,NA,NA,NA,NA,NA,NA,NA,NA,NA
"77619","7","0.0322998395288954","0.158293086696618","0.204050854038879","-0.0322951373172274","0.162207714831298","-0.199097418706722","0.0192165478694532","0.157904192547653","0.121697515179364","1474.58060447979","1472.44389819198","1465.44432457127","1474.402145904","1467.4047801495","1476.56576968328","-1.95824771201819","-1.96045557822981",NA,NA,"0.150599301600981",NA,NA,NA,"0.0277002784831324",NA,NA,NA,NA,"0.0763352140363687",NA,"0.0365900567588652","0.0811931403531448",NA,"0.0156493926403021",NA
"77619","8","-0.121994423912319","0.163740379642","-0.745047887265471","-0.169866409147514","0.166267551271981","-1.02164498032239","-0.15324956029713","0.160443674141704","-0.955161125029957","1474.58060447979","1467.15566928696","1464.05127797033","1468.6054456753","1465.01918733174","1475.67927111261","-1.44977638833552","-0.967909361407237",NA,NA,"0.00905572916564725",NA,NA,"0.0962230724531099","0.00909804204871517","0.0346925693511559",NA,NA,"0.0185707938636008",NA,"0.0907525852895609",NA,NA,NA,"0.131373410519645",NA
"77619","9","-0.00177838305376734","0.164039855052482","-0.0108411645035797","-0.0114836789000792","0.166919631371623","-0.0687976531323174","-0.0911253998350009","0.159477154740134","-0.571400963250747","1474.58060447979","1465.88158292777","1460.91302373685","1467.88146541251","1462.90829443885","1476.25653038082","-1.9998824847396","-1.99527070200566","0.08553953184023",NA,"0.0158953187236615",NA,NA,NA,"0.00362089198705973",NA,NA,NA,"0.0423965866708822",NA,NA,"0.0246117623792138",NA,NA,"0.0862300108240082",NA
"77619","10","-0.036808900914327","0.161284484780841","-0.228223446070117","-0.0232012781141095","0.161791847555319","-0.143402022195072","-0.0835299205848122","0.15936308102092","-0.524148504469785","1474.58060447979","1467.61463918883","1466.03109454943","1469.56270450934","1468.01056812924","1476.30775097984","-1.94806532051325","-1.9794735798173",NA,NA,"0.0256502326601523",NA,NA,NA,"0.00773863651712881",NA,NA,NA,NA,NA,"0.0583545101808914",NA,NA,NA,NA,NA
"77619","11","-0.0320528500468639","0.167736761153569","-0.191090192909581","-0.0500083404835592","0.166860704240132","-0.299701123229058","-0.137484585206541","0.160192680173894","-0.858245114928456","1474.58060447979","1470.33544662079","1468.74790542127","1472.29901196848","1470.65840005439","1475.85206080737","-1.96356534769211","-1.91049463312856",NA,NA,"0.136805700555291",NA,"0.0596367699776952",NA,"0.0145775289146779",NA,NA,NA,NA,NA,NA,"0.0390502972371513",NA,NA,NA,NA
"77619","12","-0.0174209860370293","0.165603369812371","-0.105197050378669","-0.0570200365847778","0.166748765504768","-0.341951776447468","-0.106426684878789","0.159709639086591","-0.666376090306523","1474.58060447979","1465.81263178412","1462.22707625379","1467.8015788433","1464.11058671202","1476.14036683408","-1.98894705917974","-1.88351045823538",NA,"0.0301427244586097","0.00603650119771012",NA,NA,NA,"0.0232582914273641",NA,NA,NA,NA,NA,NA,NA,NA,NA,"0.0181091884928112",NA
"77619","13","-0.0194074550384517","0.165866740553625","-0.117006308640744","-0.064248020982558","0.168337343793413","-0.381662318857807","-0.0911253998349915","0.159477154740138","-0.571400963250675","1474.58060447979","1462.72250203968","1462.4259573103","1464.70883036573","1464.28090400278","1476.25653038082","-1.98632832604221","-1.85494669247555",NA,"0.0273464675111669","0.0881453949240621",NA,NA,NA,"0.00137663663630414",NA,NA,NA,NA,NA,NA,NA,NA,"0.129662155066786",NA,NA
"77619","14","0.229063917368887","0.160722713900967","1.42521185592989","0.201558419965834","0.161531920739244","1.2477931237579","0.182038911227982","0.155893953223186","1.16770989165542","1474.58060447979","1467.9913134098","1466.28031603637","1467.92121370371","1466.69795884007","1475.19413501809","0.0700997060939699","-0.417642803698072",NA,"0.113948839950277","0.0893260931673327",NA,NA,NA,"0.00664898146356978",NA,NA,NA,NA,NA,NA,"0.0540550817309961",NA,NA,NA,NA
"77619","15","-0.145776293350386","0.162462447929655","-0.897292237117505","-0.154477871616671","0.162894101644447","-0.948333119844043","-0.177204442693917","0.160832664389559","-1.10179386361905","1474.58060447979","1469.72936065709","1469.01954965199","1470.93305645226","1470.13050746885","1475.38333597385","-1.20369579517092","-1.11095781686504",NA,NA,"0.0845098338021626",NA,NA,NA,"0.0128172035784438",NA,NA,NA,NA,"0.0997328065069572",NA,NA,NA,NA,NA,NA
"77619","16","0.0596531812586906","0.15789100486906","0.377812411214694","0.0360713258974334","0.158650792615462","0.227363036154903","0.0544186876691937","0.157439234237808","0.345648833549303","1474.58060447979","1469.37273250982","1468.07368988894","1471.22925109314","1470.02183921602","1476.46056197409","-1.85651858331426","-1.94814932707527",NA,NA,NA,NA,NA,NA,"0.00617319076435517",NA,NA,NA,NA,NA,NA,"0.0693202744074223",NA,NA,NA,NA
"77619","17","0.0479513379503372","0.161026069036175","0.297786179823869","-0.00122786713491054","0.166507489746974","-0.00737424566772593","-0.0313474322949583","0.158602817462279","-0.197647386071271","1474.58060447979","1461.49910582096","1458.08295795111","1463.41008020317","1460.08290357628","1476.54164301077","-1.91097438220868","-1.9999456251694",NA,"0.0546264803017758","0.000209579113761197",NA,NA,NA,"0.00134356136275155","0.0518808862432529",NA,NA,"0.00876328115640098",NA,"0.114302659788072",NA,NA,NA,"0.08786408714421",NA
"77619","18","-0.0602268311064824","0.166347306720413","-0.362054741335296","-0.133804075130018","0.169015344868204","-0.791668207607756","-0.13748458520654","0.160192680173894","-0.858245114928448","1474.58060447979","1463.70350797627","1460.5295204998","1465.57297727611","1461.90806206321","1475.85206080737","-1.86946929984265","-1.3785415634045",NA,"0.0593849138039635","0.00833211052380727",NA,NA,NA,"0.000956768457104093","0.108888924689801",NA,NA,"0.0252297361170007","0.0697489905345553",NA,NA,NA,NA,"0.03405334196438",NA
"77619","19","-0.0913781913642164","0.163508415465837","-0.558859255677325","-0.0913781913642164","0.163508415465837","-0.558859255677325","-0.121878379656213","0.159948076454379","-0.761987154568722","1474.58060447979","1472.30343186064","1472.30343186064","1473.99322527926","1473.99322527926","1476.00564964862","-1.689793418622","-1.689793418622",NA,"0.0706986659600838",NA,NA,NA,NA,"0.0709500971239002",NA,NA,NA,NA,NA,NA,NA,NA,NA,NA,NA
"77619","20","-0.00242392344078217","0.161375256766316","-0.0150204157028373","-0.0213194918880779","0.16910862743478","-0.126069806203708","-0.0535046497427275","0.158920676606211","-0.336675194728163","1474.58060447979","1470.60481849418","1465.32584720186","1472.60459292456","1467.30997506483","1476.46775865646","-1.99977443037574","-1.98412786297035",NA,"0.110498522890538","0.0117945747012711",NA,NA,NA,"0.0406684364766907","0.00294259034556594",NA,NA,"0.0199321087565674","0.0586203998485455",NA,NA,NA,NA,NA,NA
"77756","1","0.0124132934549295","0.149248445940004","0.0831720114520958","0.0056506320135983","0.152529959894584","0.0370460466750502","-0.0111726975198278","0.148525419935663","-0.0752241436157359","1648.75284825083","1647.03912789525","1638.39448164038","1649.03220663779","1640.39310892028","1650.74719226093","-1.99307874254487","-1.99862727989876",NA,NA,NA,NA,NA,"0.0564679150113231",NA,"0.0324892194545673",NA,NA,"0.00486693081594696",NA,NA,NA,NA,NA,NA,"0.0217154425611214"
"77756","2","0.0397939330540408","0.151050456696579","0.26344794927682","0.0506989919042252","0.150885314444231","0.336010115304921","0.0574142535849365","0.147314147327808","0.389740256631132","1648.75284825083","1646.15716199117","1640.58419478616","1648.08764177354","1642.47104474709","1650.60054806357","-1.93047978237678","-1.88684996093798",NA,NA,"0.0375334077037432",NA,NA,NA,NA,NA,NA,"0.020086167671205",NA,NA,"0.0969745394704516",NA,"0.0682870393538663",NA,NA,"0.152934931944626"
"77756","3","0.0882897577128287","0.151062880859215","0.584456997050862","0.0773974993320461","0.150024227741589","0.51590000160081","0.0824203305837165","0.146893057747891","0.561090713525566","1648.75284825083","1646.67448273448","1643.01410114359","1648.33158180748","1644.74702592442","1650.43679277387","-1.65709907300629","-1.73292478083204",NA,NA,"0.121457006455652",NA,NA,NA,NA,NA,NA,"0.00875896867428073",NA,NA,NA,NA,NA,NA,NA,NA
"77756","4","-0.0444904335111264","0.150063643335699","-0.296477098130954","-0.0263906339551847","0.150758210636332","-0.175052714169218","-0.0287809169593003","0.148850017533595","-0.193355146584411","1648.75284825083","1647.55078917555","1647.47934061877","1649.46304521","1649.44872952643","1650.71550661322","-1.91225603444718","-1.96938890766251",NA,NA,"0.130409541129457",NA,NA,"0.111605567402373",NA,NA,NA,"0.150078917037459",NA,NA,NA,NA,NA,NA,NA,NA
"77756","5","0.0313466615508776","0.151411113759076","0.207030123302284","0.00931592215790519","0.14971123238834","0.0622259399598044","-0.0199526760623053","0.148686566343121","-0.134192863235949","1648.75284825083","1647.29247720967","1646.33236727964","1649.24955990735","1648.32849365352","1650.73485559023","-1.95708269767601","-1.99612637388418",NA,NA,NA,NA,NA,NA,NA,NA,NA,NA,"0.0355100257074051",NA,NA,NA,NA,NA,NA,NA
"77756","6","0.00357391119105149","0.148798543070992","0.0240184555392211","0.0212819414729628","0.151937093580905","0.140070742248538","-0.00244025097768505","0.148366534079006","-0.0164474488322657","1648.75284825083","1643.86824041301","1637.39000514701","1645.86766343875","1639.37036838301","1650.75257776058","-1.99942302574505","-1.98036323599922",NA,NA,NA,NA,NA,"0.00763030586135533",NA,"0.0607436801890874",NA,"0.00410279041699858",NA,NA,"0.119234918903059",NA,NA,NA,"0.0835654054025996",NA
"77756","7","-0.0241551348577172","0.153334732833603","-0.157532050379806","-0.0366121916918856","0.15331006703095","-0.238811399674715","-0.046585185565516","0.1491840172286","-0.312266598198197","1648.75284825083","1643.54779748674","1640.63243595863","1645.52300393873","1642.5754852351","1650.65552139212","-1.97520645199052","-1.94304927646294",NA,NA,NA,NA,NA,NA,NA,NA,NA,NA,"0.0168076771859984",NA,"0.0467335828381069",NA,NA,"0.135289354333281",NA,NA
"77756","8","-0.0433092860451014","0.155377092132554","-0.278736623595412","-0.0711134955945154","0.152481641404537","-0.466374147992345","-0.0555627536960472","0.149354660358185","-0.372018881518632","1648.75284825083","1647.017036157","1641.9459461338","1648.93946203891","1643.72899156404","1650.61475698708","-1.92242588191903","-1.7830454302316",NA,NA,"0.0434484440739043",NA,NA,NA,NA,NA,NA,NA,NA,NA,"0.0151315521277576",NA,NA,NA,"0.0448757351431325","0.0323185699029979"
"77756","9","0.141249481120032","0.150357681249117","0.939423113914653","0.127739761345957","0.148821130885987","0.858344245776629","0.147365714139597","0.145848963627627","1.01039946033379","1648.75284825083","1641.91602049998","1639.5595052542","1643.02775417164","1640.8182598735","1649.72429063534","-1.11173367165497","-1.25875461929627",NA,NA,"0.0198733713978419",NA,NA,"0.0433509953800452",NA,NA,NA,"0.0346190764652903",NA,NA,NA,NA,NA,NA,NA,NA
"77756","10","0.145275162009122","0.152485528329538","0.952714422152681","0.104110459938865","0.150288951109264","0.692735288725078","0.0988880011521922","0.146621602843776","0.674443596538473","1648.75284825083","1645.14253788588","1642.98030240675","1646.22893522245","1644.4981623131","1650.29579836246","-1.08639733657128","-1.51785990634971",NA,NA,"0.110747213601112",NA,NA,NA,NA,NA,NA,"0.0311111172068987",NA,NA,NA,NA,NA,NA,NA,"0.0759881466768741"
"77756","11","-0.129095322522259","0.152048410060903","-0.849040923680493","-0.126739848938254","0.152356316795142","-0.831864747089337","-0.0828067928509226","0.149881758506067","-0.552480793368667","1648.75284825083","1643.56431535525","1641.18355945868","1644.84664698384","1642.49455656634","1650.44858156028","-1.28233162858533","-1.31099710766216",NA,NA,"0.0633838268526135",NA,NA,"0.0513685572488983","0.0590369033551963",NA,NA,NA,NA,NA,NA,NA,NA,NA,NA,"0.0363468750296065"
"77756","12","0.0829078217417421","0.15085535354314","0.549584882435297","0.109162102020036","0.152036082715912","0.718001280156707","0.0741261660460494","0.14703153331039","0.504151486263603","1648.75284825083","1646.42960296134","1645.17803662204","1648.12647480027","1646.66008445548","1650.49779273807","-1.69687183893348","-1.4820478334384",NA,NA,"0.0433490973274178",NA,"0.0182920631754626",NA,NA,"0.108228727907425",NA,NA,NA,NA,NA,NA,NA,NA,"0.0475513794133928",NA
"77756","13","-0.182337770891853","0.152706469027939","-1.19404090771356","-0.166984696228392","0.153718439877468","-1.08630230934883","-0.138772834710717","0.151009074103486","-0.918970171392589","1648.75284825083","1646.94754507599","1644.37560531929","1647.53006529741","1645.201679594","1649.9124408455","-0.582520221415962","-0.826074274710209",NA,NA,"0.0180119447642827",NA,NA,NA,NA,NA,NA,NA,NA,NA,"0.0293196634043009",NA,NA,NA,"0.0885360906675825","0.122108692726432"
"77756","14","-0.0399768647817197","0.151358173682528","-0.264120951046691","-0.064866027195268","0.152123510805326","-0.426403695601515","-0.07367273537804","0.149703479632002","-0.49212440191197","1648.75284825083","1648.11179922672","1642.46630973705","1650.0421470727","1644.28491441437","1650.5113549209","-1.93034784598512","-1.81860467732326",NA,NA,NA,NA,"0.119271864594017",NA,NA,NA,NA,NA,NA,NA,"0.00569144503177072",NA,NA,NA,NA,NA
"77756","15","0.0677451037190169","0.153308578298423","0.441887234693076","0.0285117393819382","0.157854323617278","0.180620579332788","0.0234789756651791","0.147903014662494","0.158745754565969","1648.75284825083","1643.70773846518","1635.99319287566","1645.51192427749","1637.9605375019","1650.72762180238","-1.80418581231015","-1.96734462624636",NA,NA,"0.0744997533386352","0.00785431974768179",NA,NA,NA,"0.0330760948825369","0.0463052752806132","0.134554745008688",NA,NA,NA,NA,NA,NA,"0.0309540531164681",NA
"77756","16","-0.167544545215435","0.151612491456045","-1.10508404423925","-0.167544545215435","0.151612491456045","-1.10508404423925","-0.167544545215435","0.151612491456045","-1.10508404423925","1648.75284825083","1648.75284825083","1648.75284825083","1649.53843349389","1649.53843349389","1649.53843349389","-0.785585243067317","-0.785585243067317",NA,NA,NA,NA,NA,NA,NA,NA,NA,NA,NA,NA,NA,NA,NA,NA,NA,NA
"77756","17","-0.0778399045649822","0.150092623698781","-0.518612458405671","-0.0280166609193016","0.155349155643218","-0.180346399716815","-0.0828067928509232","0.149881758506067","-0.55248079336867","1648.75284825083","1647.55475170428","1631.52256983926","1649.28659494336","1633.49008034718","1650.44858156028","-1.73184323907481","-1.96751050791886",NA,NA,NA,NA,NA,"0.0515934170274108",NA,"0.0517159305348826",NA,NA,"0.0040609133447208",NA,"0.0664647881309282",NA,NA,"0.0991322552977466","0.00339707246403228",NA
"77756","18","-0.153237818949618","0.152537530452777","-1.00459092588403","-0.150530419637258","0.153977564210256","-0.977612682791305","-0.110535485419539","0.150432719380435","-0.734783535621675","1648.75284825083","1648.05634267206","1642.25451588298","1649.05224576579","1643.3031821923","1650.21512994081","-0.995903093731386","-1.04866630932361",NA,NA,NA,NA,NA,NA,NA,NA,NA,NA,NA,"0.116341154311705",NA,NA,NA,"0.054201539064141",NA,"0.018206655811526"
"77756","19","0.0676229954064506","0.150910443130358","0.448100171225641","0.0379910290354894","0.14894921316591","0.255060286845372","0.0148848922625729","0.148055372850101","0.100535981748147","1648.75284825083","1647.46040731874","1644.05283212276","1649.25903133291","1645.98766664098","1650.74273416768","-1.79862401416494","-1.93483451821908",NA,NA,NA,NA,NA,NA,NA,NA,NA,"0.02950591367539",NA,NA,NA,NA,NA,NA,NA,"0.106233290845426"
"77756","20","-0.109814680664589","0.150672371865697","-0.728830901809077","-0.101553174710079","0.150878217043804","-0.673080426716568","-0.101237289333229","0.150246322518811","-0.673808767070178","1648.75284825083","1644.69084360674","1643.59912194225","1646.16176953953","1645.14776106201","1650.30054097408","-1.47092593279194","-1.54863911975713",NA,NA,NA,NA,NA,"0.0149818806130068",NA,NA,NA,NA,NA,NA,"0.0786915077615633",NA,NA,NA,NA,NA
"77949","1","0.00874536584999904","0.295294567653841","0.0296157356346995","0.190572416032663","0.314505883877715","0.605942291708478","0.00883554077861094","0.294861096244663","0.0299650950604877","619.81572046398","618.025980767186","611.230602888109","620.025102273375","612.853193836866","621.814821085566","-1.99912150618877","-1.62259094875685",NA,NA,NA,"0.106691030000778",NA,NA,"0.04960330190529",NA,NA,"0.0574691849529396","0.0148057270626586","0.0559815361101723",NA,"0.107247866657705",NA,NA,"0.0272911442933078",NA
"77949","2","0.0702835787826548","0.295316753195633","0.23799387614185","0.239125639653076","0.308058906762244","0.77623348782975","0.107527363686434","0.294247577119064","0.365431602663373","619.81572046398","617.702553301984","609.876265972614","619.645179956274","611.251093078736","621.679483947568","-1.94262665428982","-1.37482710612221",NA,NA,NA,NA,"0.145962800817641",NA,"0.024462984466849",NA,NA,"0.0294422792094728","0.0070487718710072","0.0273102045499982",NA,"0.0446670469973379",NA,NA,"0.0445579272239985",NA
"77949","3","-0.0258203921220488","0.295437982270819","-0.0873969958892422","-0.0132304049853423","0.312007965844127","-0.0424040615423005","-0.0214140944997736","0.295062528875278","-0.0725747677327924","619.81572046398","618.670272318635","606.566639432849","620.662670538148","608.564844890113","621.810474292986","-1.99239821951346","-1.99820545726425",NA,NA,"0.0253488214706053","0.00222136009037215",NA,NA,"0.0304361999116059",NA,NA,"0.0665117912615267","0.00988728323088361","0.00475849560559234",NA,NA,NA,NA,"0.0109444795878438",NA
"77949","4","0.0606298983055822","0.296552077488102","0.204449413469426","0.109311443859854","0.29975961195618","0.364663682163537","0.101887536209955","0.294280902607293","0.346225444149599","619.81572046398","617.740760137962","612.621877254209","619.698502981942","614.486384085195","621.693556309248","-1.95774284397999","-1.86450683098633","0.114973253537519",NA,NA,NA,NA,NA,"0.0609762890138248",NA,NA,NA,"0.0185193185037026",NA,NA,"0.0185799685528737","0.0476497542655309",NA,NA,NA
"77949","5","0.048766290302102","0.295010120221889","0.165303787766409","0.117429936811867","0.314690841725711","0.373159689579466","0.050219756962889","0.294595867728955","0.170469997933216","619.81572046398","618.082899454074","611.576938436411","620.055327247002","613.435360742073","621.786388012933","-1.97242779292799","-1.85842230566186",NA,NA,"0.100469418233189","0.0181039302152212",NA,NA,"0.0335541581354521",NA,NA,"0.136838009827175","0.0360962396794935","0.0478309261228037",NA,NA,NA,NA,"0.0130042134121173",NA
"77949","6","0.0614232018297369","0.298465206239388","0.205796858547296","0.256532535662974","0.307879746356947","0.833223161635187","0.113147706147054","0.294214569325192","0.384575469551247","619.81572046398","616.163428798676","611.840294274385","618.120620449837","613.117997099905","621.664678241026","-1.95719165116077","-1.27770282551944",NA,NA,NA,"0.0336689403499177",NA,NA,"0.012690143751724",NA,NA,"0.0643138401092861","0.0209906085560292","0.0316795002091015",NA,NA,NA,NA,"0.0293936550499242",NA
"77949","7","-0.00736194480406211","0.295468997457749","-0.024916132885024","-0.00440333882692877","0.303654193978911","-0.0145011625534623","0.00283286308369447","0.294900552740208","0.00960616403520298","619.81572046398","617.406527393289","612.189605034069","619.405907434667","614.189394912415","621.815628137399","-1.9993800413788","-1.99978987834595",NA,NA,NA,NA,NA,NA,"0.0237100223853438",NA,NA,"0.0407702107213145","0.0163405674428139","0.0677652389670781",NA,"0.0440891749223088",NA,NA,"0.0655405464590733",NA
"77949","8","-0.0203686587938642","0.296594210749459","-0.0686751732017794","0.0495229759290142","0.311072542399068","0.159200730309017","0.0385066824082941","0.29466974453006","0.130677421496749","619.81572046398","617.445160384304","613.386270334317","619.440461577635","615.360737766372","621.798521289373","-1.99530119333122","-1.97446743205455","0.0350047018767929",NA,"0.148962332121941","0.0506020484335787",NA,NA,"0.0410839547640335",NA,NA,"0.0902538567066189","0.0254235005956969",NA,NA,"0.107659238908428",NA,NA,"0.034304876104231",NA
"77949","9","0.234477258873368","0.293960035480461","0.797650124412756","0.214949769115987","0.312142489488684","0.688627073706284","0.24264738895744","0.293507654808213","0.826715709053631","619.81572046398","617.544106131083","611.559874633051","618.879749733623","613.070469098946","621.100758714373","-1.33564360254013","-1.51059446589511","0.0874624077801815",NA,"0.120911430622265","0.0306666765042484",NA,NA,"0.0466467415304504",NA,NA,"0.0565107573991472","0.0149313030217797",NA,NA,NA,NA,NA,"0.0118314106338878",NA
"77949","10","0.0589825792949565","0.298932894149225","0.197310434714197","0.151408278766268","0.308306501897186","0.491096612736242","0.129893702097769","0.29411741001161","0.441638943075969","619.81572046398","618.094207152017","615.148900551141","620.054876148347","616.901971703028","621.615908242794","-1.96066899633058","-1.75307115188662","0.117907609161331",NA,NA,"0.0794004161072151",NA,NA,"0.0956694692561579",NA,NA,NA,"0.00852180227624868",NA,NA,NA,NA,NA,NA,NA
"77949","11","-0.0326106262258084","0.295634803050677","-0.110307128556236","0.130355141481415","0.316143735012941","0.412328719644182","-0.0460513022368266","0.295231447835248","-0.155983729289318","619.81572046398","618.858585759412","611.134679659636","620.846491272761","612.961422476666","621.791596726135","-1.98790551334946","-1.82674281703044",NA,NA,"0.152069415099089","0.00296194504027334",NA,NA,"0.052678036301246",NA,NA,"0.0668465014559631","0.0163667606470318","0.0450389751253921",NA,NA,NA,NA,"0.00739345476850684",NA
"77949","12","0.0402153123209632","0.298138284236059","0.134888118860715","0.227454825829733","0.305064097356974","0.745596836207094","0.096228032048943","0.294314550112002","0.326956421326514","619.81572046398","615.057048308627","609.749922817472","617.038724913279","611.173224541958","621.706890505034","-1.98167660465117","-1.42330172448658",NA,NA,NA,"0.00888554947734253",NA,NA,"0.00896819303899546",NA,NA,"0.0879246337495794","0.0256582792142524","0.0411226296826604",NA,NA,NA,NA,"0.0356996869695941",NA
"77949","13","0.088404734190586","0.297554940935022","0.297103902602953","0.174244528369564","0.31369300803182","0.555461944985044","0.179138400149025","0.293841780962966","0.609642371353592","619.81572046398","615.269382373036","605.832301093506","617.179730445385","607.516108221289","621.431473676321","-1.91034807234848","-1.6838071277831","0.147194466719043",NA,"0.147346654902117","0.0127991472920549",NA,NA,"0.0128055706101122",NA,NA,"0.0357471361087831","0.00658448166804923","0.022417574105996",NA,NA,NA,NA,"0.0190036656634559",NA
"77949","14","0.0409936868954504","0.296966683075731","0.138041367034417","-0.0129654594667408","0.305419641130589","-0.0424512955969232","0.0905486569344085","0.294348524032504","0.30762395439907","619.81572046398","617.943836405349","613.733741364451","619.92464100947","615.73194298668","621.719481644245","-1.98080460412075","-1.99820162222807","0.0332680090868255",NA,"0.126946313495235",NA,NA,NA,"0.0970200788865939",NA,NA,"0.0899501198808066","0.0480969265580928",NA,NA,"0.0238821807041049",NA,NA,"0.0294397828892716",NA
"77949","15","0.221992813846424","0.29392416473095","0.755272415419231","0.262038166602309","0.299185133739366","0.875839528947258","0.221736716477082","0.29361508955197","0.755195234738895","619.81572046398","618.625260898527","611.967645085997","620.030928342893","613.165043402676","621.221416922592","-1.4056674443666","-1.19739831667835",NA,NA,NA,NA,NA,NA,"0.0573565135409298",NA,NA,"0.0553871095664547","0.0202753261117425","0.114382580511174",NA,"0.0215142202020762",NA,NA,"0.0773651100299913",NA
"77949","16","0.033375834430586","0.299271047527735","0.11152376651969","0.160683408645443","0.300015458751867","0.535583763963106","0.101887536210019","0.294280902607302","0.346225444149806","619.81572046398","618.17626205443","615.652038126815","620.163752804001","617.357080016272","621.693556309248","-1.98749074957186","-1.70504188945699",NA,NA,NA,NA,NA,NA,"0.0826339952305196",NA,"0.0264524916855482",NA,"0.016175520083231","0.0783816521534136",NA,NA,NA,NA,NA,NA
"77949","17","0.0733864355965428","0.299684307480711","0.244879140364286","0.21954429579614","0.301576340981639","0.727989122361248","0.151960098326251","0.293992062598667","0.516885037585841","619.81572046398","617.08986606296","608.246440626346","619.029144997979","609.695987264268","621.540895520954","-1.93927893501825","-1.44954663792248",NA,NA,NA,NA,NA,NA,"0.0360728789329358",NA,"0.0113546421662371",NA,"0.00057978654746099","0.030504195971984",NA,NA,NA,NA,NA,NA
"77949","18","-0.010538830805864","0.298205310524239","-0.0353408555579944","0.107445056819396","0.31033655082166","0.346221083320415","0.0618467294500634","0.294523449484308","0.209989152165483","619.81572046398","618.894176760685","614.769185645076","620.892930117941","616.647360209933","621.77111528594","-1.99875335725687","-1.87817456485686",NA,NA,"0.141222532880248","0.0344632967759723",NA,NA,"0.0920265622281086",NA,NA,"0.113209307849646","0.0380286184620184","0.0152680744473484",NA,NA,NA,NA,"0.00974658849225809",NA
"77949","19","0.120017811645909","0.294512812926379","0.407513039766832","0.30259805326016","0.308767172155785","0.980020159356471","0.118748752707193","0.294181874979118","0.403657610502422","619.81572046398","618.708037995053","613.300183484307","620.538244103474","614.294456929816","621.649143942204","-1.83020610842152","-0.994273445508725",NA,NA,NA,"0.0219439234426932",NA,NA,"0.0668105115233301",NA,NA,"0.0910075418868577","0.0270987688020617","0.0305866756528996",NA,NA,NA,NA,"0.0457797923171537",NA
"77949","20","0.0564716676684475","0.296724652184456","0.190316737260315","0.217847103959418","0.306334764034274","0.711140652436836","0.118748752707268","0.294181874979131","0.403657610502658","619.81572046398","618.714506477433","608.922197553679","620.677917753657","610.398692547789","621.649143942204","-1.96341127622372","-1.47649499410932",NA,NA,NA,"0.00903234017380814",NA,NA,"0.130552162714628",NA,NA,"0.041189253947997","0.00832296389416716","0.00890936752253655",NA,NA,NA,NA,"0.00882015605619803",NA
"77955","1","0.276194149048115","0.55209217244523","0.500268184975064","0.126787632098543","0.561929127003188","0.225629222629394","0.409138521748029","0.546259687667921","0.748981722401507","261.491952693723","259.713450610359","258.994132215178","261.447998367805","260.941928551572","262.877922569327","-1.73454775744608","-1.94779633639388","0.0628786197614463",NA,NA,NA,NA,NA,NA,NA,"0.0991403425680017",NA,NA,NA,NA,NA,NA,NA,NA,NA
"77955","2","0.3180669116584","0.549097183503728","0.579254312740871","0.283461949651066","0.549148313239392","0.516184686025787","0.409138521748147","0.546259687667915","0.748981722401732","261.491952693723","259.817852702811","258.6237577788","261.458202943992","260.340285354137","262.877922569327","-1.64035024118084","-1.71652757533678","0.0519803351117071",NA,NA,NA,NA,NA,NA,NA,NA,"0.0739046683176804",NA,NA,NA,NA,NA,NA,NA,NA
"77955","3","0.266200392436673","0.551705393750907","0.482504603819156","0.190019249961497","0.55241520155928","0.343979038638215","0.39386757460363","0.54631055951577","0.720959109691638","261.491952693723","259.814788040729","258.828904628483","261.568317938502","260.705670679807","262.924887398968","-1.75352989777241","-1.87676605132413","0.0496495492953472",NA,NA,NA,NA,NA,NA,NA,NA,"0.0839934426630467",NA,NA,NA,NA,NA,NA,NA,NA
"77955","4","0.109852456942553","0.553922778210974","0.198317276818528","0.0486481501182469","0.554423544943395","0.0877454620424061","0.249699091462393","0.546805416171322","0.456650728170839","261.491952693723","260.524695757913","260.017255429725","262.484453845653","262.009476188405","263.271516828006","-1.95975808773954","-1.99222075868033","0.074631846936351",NA,NA,NA,NA,NA,NA,NA,NA,"0.113309842250817",NA,NA,NA,NA,NA,NA,NA,NA
"77955","5","0.218445742963064","0.552972711778872","0.395038920203387","0.0859711848157341","0.560209071450445","0.153462678840857","0.347206491894982","0.546467413532967","0.635365409348486","261.491952693723","260.281901121632","258.523078271226","262.118434969677","260.499117037762","263.055986375951","-1.83653384804472","-1.97603876653528","0.0699984370184093",NA,NA,NA,NA,NA,NA,NA,"0.0525295473970932",NA,NA,NA,NA,NA,NA,NA,NA,NA
"77955","6","0.194272641509504","0.551469591010259","0.352281693635379","0.0656950088511809","0.560420785325892","0.117224433089109","0.320705068383389","0.546557707998581","0.586772565257138","261.491952693723","259.722098857157","259.533641175761","261.592688394723","261.519716470325","263.122268771803","-1.87058953756605","-1.98607529456405","0.0490666115981042",NA,NA,NA,NA,NA,NA,NA,"0.139048488073039",NA,NA,NA,NA,NA,NA,NA,NA,NA
"77955","7","0.14324288913208","0.552485519850133","0.259269942804901","0.0684422280671867","0.556097574884777","0.12307593335822","0.282862738070628","0.546688559791293","0.517411116447389","261.491952693723","259.844748214688","259.598575874427","261.775429303717","261.583209959285","263.206878886033","-1.93068108902924","-1.98463408485742","0.0577635737865925",NA,NA,NA,NA,NA,NA,NA,"0.133945359383096",NA,NA,NA,NA,NA,NA,NA,NA,NA
"77955","8","0.0609571364417294","0.555167397459505","0.109799560854392","0.0820061899046417","0.554394228123846","0.147920352962842","0.227196215598125","0.546886031942609","0.415436128055959","261.491952693723","259.398138275448","258.994538186479","261.385926682061","260.972274879068","263.310416074746","-1.98778840661305","-1.97773669258817","0.0422278652709145",NA,NA,NA,NA,NA,NA,NA,NA,"0.121056374602808",NA,NA,NA,NA,NA,NA,NA,NA
"77955","9","0.313159906606419","0.554336777945622","0.564927168944108","0.254532875472818","0.554350927819468","0.459154774889653","0.464001335368924","0.5460781028255","0.849697750135197","261.491952693723","259.95256458985","258.655573126639","261.611868330387","260.4332037545","262.692295138257","-1.65930374053721","-1.77763062786096","0.0688440681718332",NA,NA,NA,NA,NA,NA,NA,NA,"0.0694068962459631",NA,NA,NA,NA,NA,NA,NA,NA
"77955","10","0.163108044248481","0.554019282779863","0.2944086051122","0.139589310034402","0.553814827759413","0.25205051045517","0.336657184513518","0.546503237381803","0.616020476157435","261.491952693723","258.5498832974","258.206982453456","260.460167590147","260.141546045848","263.083072519351","-1.91028429274684","-1.93456359239212","0.0262375249176773",NA,NA,NA,NA,NA,NA,NA,NA,"0.125854994715297",NA,NA,NA,NA,NA,NA,NA,NA
"77955","11","0.164508118288346","0.550438374339602","0.298867459024305","0.161825629340664","0.550142044920277","0.29415244814476","0.288323499668551","0.546669523228803","0.527418279997797","261.491952693723","258.442983006396","257.916503686272","260.350405327512","259.826868114508","263.195389420144","-1.90742232111597","-1.91036442823679","0.0239673204721793",NA,NA,NA,NA,NA,NA,NA,NA,"0.111949748916852",NA,NA,NA,NA,NA,NA,NA,NA
"77955","12","0.0930454372020523","0.554021584902825","0.16794550923205","0.0056530387927527","0.558227279021344","0.0101267691587257","0.244103577648127","0.546825356905269","0.44640135020369","261.491952693723","259.743106936785","259.18127373309","261.714338762901","261.181171062235","263.281560936662","-1.97123182611585","-1.9998973291452","0.0466606414724429",NA,NA,NA,NA,NA,NA,NA,"0.109471576553009",NA,NA,NA,NA,NA,NA,NA,NA,NA
"77955","13","0.174750280333102","0.55223835968985","0.316439952543764","0.160735390770771","0.552085756024044","0.291142071710633","0.320705068383415","0.546557707998596","0.58677256525717","261.491952693723","258.963067122871","258.598794679838","260.859111222733","260.511054153752","263.122268771803","-1.89604409986271","-1.91225947391393","0.0294171464953561",NA,NA,NA,NA,NA,NA,NA,NA,"0.124141778862888",NA,NA,NA,NA,NA,NA,NA,NA
"77955","14","0.145702870659205","0.552141370796852","0.263886892679182","-0.0130126267955228","0.563154957215926","-0.0231066540901166","0.277383274998547","0.546707717532589","0.50737032989115","261.491952693723","259.539775699573","258.920606691824","261.467925473116","260.920074147959","263.218165811921","-1.9281497735426","-1.99946745613516","0.0495956330830132",NA,NA,NA,NA,NA,NA,NA,"0.105579719173247",NA,NA,NA,NA,NA,NA,NA,NA,NA
"77955","15","0.302094994487265","0.552395097346136","0.546882106554921","0.201294795333231","0.55776902366269","0.360892747344399","0.459084513534006","0.546094326829419","0.840668893594656","261.491952693723","258.897205017995","258.230628964676","260.57828766023","260.094919682325","262.710023452891","-1.68108264223497","-1.86429071764991","0.0323561891388298",NA,NA,NA,NA,NA,NA,NA,"0.102476270279396",NA,NA,NA,NA,NA,NA,NA,NA,NA
"77955","16","0.230543459066161","0.54991933169043","0.419231414101191","0.237658876577848","0.550158225390363","0.43198277442679","0.326039738193598","0.546539450146543","0.596552980953484","261.491952693723","260.234222510919","260.137595166013","262.04941509192","261.941087555276","263.109395902763","-1.81519258100121","-1.80349238926306","0.0648528157214843",NA,NA,NA,NA,NA,NA,NA,NA,"0.147624453482565",NA,NA,NA,NA,NA,NA,NA,NA
"77955","17","0.211378461153999","0.550283528173905","0.384126455420992","0.101403213593876","0.55646611203226","0.182227113927106","0.31535288636366","0.546576069896234","0.576960653296675","261.491952693723","259.995583492772","259.657667084375","261.841090441079","261.623753464511","263.134947573869","-1.8455069483075","-1.96608638013549","0.0642383069560116",NA,NA,NA,NA,NA,NA,NA,"0.126258330912618",NA,NA,NA,NA,NA,NA,NA,NA,NA
"77955","18","0.0718906190664393","0.555862365283189","0.129331689922584","0.0718906190664393","0.555862365283189","0.129331689922584","0.227196215597616","0.546886031942545","0.415436128055077","261.491952693723","260.372967852315","260.372967852315","262.355993874331","262.355993874331","263.310416074746","-1.98302602201625","-1.98302602201625","0.0773849798096611",NA,NA,NA,NA,NA,NA,NA,NA,NA,NA,NA,NA,NA,NA,NA,NA,NA
"77955","19","0.123461811865192","0.557461387857558","0.221471503774785","0.0755130060083633","0.556996461894946","0.135571787568384","0.293765736371606","0.546650605287562","0.537392135909321","261.491952693723","260.169497509335","259.973990286104","262.119186698155","261.955320618342","263.183698677366","-1.9496891888208","-1.98133033223826","0.0589961262477776",NA,NA,NA,NA,NA,NA,NA,NA,"0.138413639642826",NA,NA,NA,NA,NA,NA,NA,NA
"77955","20","0.110439363246219","0.560240209139306","0.19712859135171","0.0568171293317879","0.559571280942165","0.10153689309452","0.304595329977335","0.546613115227958","0.557241166543008","261.491952693723","260.199742993579","259.462775820821","262.160009383204","261.452346228663","263.159718323591","-1.96026638962519","-1.98957040784228","0.0643140817855399",NA,NA,NA,NA,NA,NA,NA,NA,"0.0980506964421639",NA,NA,NA,NA,NA,NA,NA,NA
"78048","1","0.577819268808626","0.626804205529375","0.921849699972293","0.702908494933856","0.655028201967215","1.073096536642","0.490367249150443","0.625344927787313","0.784154835772847","222.53970269415","221.067523957435","216.019279272271","222.097984470897","216.700562881888","223.850841195998","-1.03046051346254","-0.681283609617651",NA,NA,"0.1413106824024","0.0575821655101907","0.0160341361820198",NA,NA,NA,NA,"0.0135870440145404",NA,NA,NA,"0.0471191549251173",NA,NA,NA,NA
"78048","2","0.594986817852052","0.627393829648751","0.948346620152701","0.78623206699183","0.662334305995393","1.18706227334886","0.480151616577284","0.625369676749985","0.767788452859767","222.53970269415","220.950972514466","213.146187193871","221.921669568279","213.526378751783","223.880829898508","-0.970697053812813","-0.380191557912013",NA,NA,"0.130490377930687","0.00460001147609506","0.00142481253888178","0.108887922277269",NA,NA,"0.130821394265698","0.00115869033807146",NA,NA,NA,NA,"0.0588030053871128",NA,NA,NA
"78048","3","0.615739217840937","0.631011416122922","0.975797271029071","0.513235247163074","0.632499763209133","0.811439429730466","0.417509339601701","0.625527748418161","0.667451349132795","222.53970269415","220.867890005699","219.838839848181","221.776938199293","221.101628536781","224.048860841081","-0.909048193594003","-1.26278868860095",NA,NA,"0.117987649939051",NA,NA,"0.0811030069734582",NA,NA,NA,"0.0817858818940709",NA,NA,NA,NA,NA,NA,NA,NA
"78048","4","0.513964384360993","0.628676309369318","0.817534201148119","0.447439292788693","0.629734094602038","0.710520990723003","0.379830047239128","0.625628243740197","0.607117806843866","222.53970269415","221.734085814434","221.39089183381","222.983581225816","222.832617026247","224.137086459378","-1.24949541138224","-1.44172519243745",NA,NA,"0.107855511042158",NA,NA,NA,NA,NA,NA,"0.125831318983449",NA,NA,NA,NA,NA,NA,NA,NA
"78048","5","0.595059857906451","0.628585798733993","0.946664495292346","0.604102645405982","0.650894948172902","0.928110822033158","0.422821337563054","0.625513913794067","0.675958325208823","222.53970269415","220.330264206529","213.033562249613","221.305743460314","214.062301009101","224.03565594326","-0.975479253784869","-1.02873875948777",NA,NA,NA,"0.00698654662685151","0.00342153225712154","0.0673093709309126",NA,NA,"0.0609709344864373","0.00173757108038045",NA,NA,"0.0504583357766471","0.0187466150408307",NA,NA,NA,"0.119974261268842"
"78048","6","0.474967519712464","0.627860850064575","0.756485325790919","0.508930505036405","0.652211847476152","0.780314719834974","0.357894952223004","0.625688694383199","0.572001628662662","222.53970269415","221.067523957435","213.858764263989","222.429909145175","215.18665132566","224.184114707234","-1.36238518774044","-1.32788706167068",NA,NA,NA,"0.00483916595004376","0.00193952048948075","0.101918927530816",NA,NA,"0.0665346660654756","0.00323593164879465",NA,NA,NA,"0.026377837121993",NA,NA,NA,NA
"78048","7","0.531332612223129","0.629017702950539","0.844702159781517","0.57225526070811","0.650237293116297","0.880071424334254","0.374374521037691","0.625643142867272","0.598383479953065","222.53970269415","221.211037581147","214.052677061085","222.407052867646","215.185717817995","224.149078148062","-1.19601528649895","-1.13304075691042",NA,NA,NA,"0.00204857483581298","0.000685785400967973","0.124261290764578",NA,NA,"0.0858363363166995","0.00317347205535236",NA,NA,NA,NA,"0.0165034743088174",NA,NA,NA
"78048","8","0.496167209468412","0.628142870106558","0.789895472958632","0.41512154457494","0.633788427483826","0.654984418417033","0.368900282787478","0.625658183085205","0.589619528299591","222.53970269415","221.182528828555","219.83290674673","222.484268085654","221.362947150109","224.160914062197","-1.301739257099","-1.5300404033791",NA,NA,"0.077036799472022",NA,NA,"0.117699082589732",NA,NA,NA,"0.0641117733667089",NA,NA,NA,NA,NA,NA,NA,NA
"78048","9","0.461388456545746","0.628420395586384","0.734203504192795","0.366420484155409","0.630454464324049","0.581200554346573","0.330041346290859","0.625767578134971","0.527418418311972","222.53970269415","221.239449118968","219.002285033338","222.640932131992","220.635456689827","224.239321203544","-1.40148301302344","-1.63317165648925",NA,NA,"0.0910433486500307",NA,NA,NA,NA,NA,NA,"0.0288068699520085",NA,NA,NA,NA,NA,NA,NA,"0.129611691130593"
"78048","10","0.593447301137276","0.627601970116329","0.94557909215498","0.597301409712139","0.650353177367198","0.918426219012527","0.475020506817315","0.62538221454084","0.75956830202803","222.53970269415","221.239449118968","215.37426270525","222.216731122056","216.427348935607","223.895615832553","-0.977282003087907","-1.05308623035714",NA,NA,"0.106459284620511","0.0250881480908203","0.00860736350040578","0.08736262520825",NA,NA,NA,"0.0118774624900834",NA,NA,NA,NA,"0.0626141573553292",NA,NA,NA
"78048","11","0.450460183852699","0.628788578317789","0.716393712267841","0.436185603380306","0.629471795325393","0.692939074664702","0.318759775496857","0.625800217201223","0.509363478527463","222.53970269415","219.704431359023","217.931811303609","221.136003974326","219.401904311543","224.260264019699","-1.43157261530288","-1.47009300793385",NA,NA,"0.0385755294294519",NA,NA,"0.0587518583441835",NA,NA,NA,"0.052097966151598",NA,NA,NA,NA,NA,NA,NA,NA
"78048","12","0.574732548045061","0.62832364635675","0.914707812410961","0.580649426407321","0.657385533249577","0.883270770406316","0.443898868714067","0.625459814292425","0.709716049809281","222.53970269415","220.256507248587","212.352758452402","221.304032139781","213.483434973041","223.981367404266","-1.04752489119414","-1.13067652063887",NA,NA,"0.0909891415183181","0.032403143004422","0.00849296771726682","0.0900211235420546",NA,NA,NA,"0.00853102099977414",NA,NA,NA,"0.0266295156894785",NA,NA,NA,NA
"78048","13","0.564460690885011","0.628560927978775","0.898020646463205","0.713314773608468","0.664025987719493","1.07422719411668","0.417509339601568","0.625527748418274","0.667451349132461","222.53970269415","221.211037581147","214.595222124199","222.295362581434","215.286326554414","224.048860841081","-1.0843250002867","-0.691104430215233",NA,NA,NA,"0.00241058312896386","0.00133340421641393","0.0966765419447097",NA,NA,"0.0558567833064253","0.00588416980809751",NA,NA,"0.14940328487606","0.0235131999377057",NA,NA,NA,NA
"78048","14","0.590719806527514","0.627732206627088","0.94103791440231","0.77850829597966","0.662380504765019","1.17531885431296","0.469873683169317","0.625394863002484","0.751323221481996","222.53970269415","221.352120714895","213.444874343182","222.339953346864","213.846039126469","223.910261861306","-0.987832631969525","-0.401164783287868",NA,NA,NA,"0.0034376485583257","0.00136196987416184","0.0645466930187878",NA,NA,"0.0811943831452556","0.00363695334061295",NA,NA,NA,"0.0163963418963897",NA,NA,NA,NA
"78048","15","0.633203402229883","0.62881364561042","1.00698101361207","0.545511732121948","0.64790775139113","0.841958953185348","0.475020506817354","0.625382214540863","0.759568302028065","222.53970269415","221.352120714895","214.666221016185","222.18398629213","215.877796012201","223.895615832553","-0.831865577235192","-1.21157499601523",NA,NA,"0.150921802176228","0.0324986641866043","0.010845823428662","0.134621995683373",NA,NA,NA,"0.0111591637233386",NA,NA,NA,NA,"0.0449336886075912",NA,NA,NA
"78048","16","0.689123489867478","0.628243215819156","1.09690558133436","0.651658842938393","0.628777431845589","1.03639031863094","0.560220931661577","0.62518308021228","0.896091000209658","222.53970269415","221.031443623898","220.027053122495","221.627339078658","220.784361313107","223.62578833896","-0.595895454760523","-0.757308190612406",NA,NA,"0.0950070118727599",NA,NA,"0.117287911674916",NA,NA,NA,"0.0830392035452827",NA,NA,NA,NA,NA,NA,NA,NA
"78048","17","0.443721929454765","0.627590189025151","0.707024961852906","0.572378974135821","0.656940774574788","0.8712794155703","0.346812595677932","0.625719793150885","0.554261826897815","222.53970269415","221.626932190409","213.449468195717","223.073702752329","214.604069990688","224.206680532188","-1.44677056191935","-1.15460179497128",NA,NA,NA,"0.00249974682549973","0.000728706263436262","0.0749064938323815",NA,NA,"0.0907009870872365","0.00208895617906353",NA,NA,NA,NA,"0.0153700140859406",NA,NA,NA
"78048","18","0.489183567621984","0.629572152982652","0.777009537833646","0.371040617914777","0.632755676242616","0.586388446355889","0.313088171189714","0.62581677799512","0.500287276082194","222.53970269415","220.862547902349","218.83109518805","222.1888124988","220.457853957543","224.270486892154","-1.32626459645132","-1.6267587694928",NA,NA,"0.0542783187134838",NA,NA,"0.151036709439949",NA,NA,NA,"0.0339385044916537",NA,NA,NA,NA,NA,NA,NA,NA
"78048","19","0.449936517533514","0.627157650859779","0.71742171512488","0.458449118086998","0.630565529173347","0.727044370294093","0.363407153602741","0.625673366283198","0.580825672285773","222.53970269415","221.096420431582","219.532114648818","222.525812849673","220.946362463851","224.172593240427","-1.42939241809106","-1.41424781503201",NA,NA,"0.0824877419674759",NA,NA,"0.122601672521932",NA,NA,NA,"0.0509654130160384",NA,NA,NA,NA,NA,NA,NA,NA
"78048","20","0.556252500772121","0.630038417353249","0.882886639054332","0.512866842461725","0.630444780170513","0.813500021878225","0.357894952222649","0.625688694383217","0.572001628662078","222.53970269415","219.717711722126","219.076782802345","220.835115635555","220.334756091917","224.184114707234","-1.11740391342838","-1.25797328957208",NA,NA,"0.026532863471671",NA,NA,"0.133142079197932",NA,NA,NA,"0.104142635325442",NA,NA,NA,NA,NA,NA,NA,NA
"78130","1","-0.284784297335156","0.221620670467147","-1.28500783223365","-0.293213411590588","0.224051523427227","-1.30868742646968","-0.262273718506087","0.210540586183642","-1.24571572284557","901.477117352175","880.772907886679","870.767862362478","881.172456661157","871.106658657569","901.979239478088","-0.399548774478262","-0.338796295090788","8.03571575982682e-05","0.0679393842003397",NA,NA,"0.0389204293115005",NA,NA,NA,"0.153648038350318",NA,NA,NA,NA,"0.00792657077076534","0.0435177046376009",NA,NA,NA
"78130","2","-0.246741936011027","0.221806020102107","-1.11242217816018","-0.285240776653974","0.222501774568084","-1.28197079420008","-0.256218802288034","0.210486331707046","-1.21727050022725","901.477117352175","890.749175593277","884.059671040072","891.54449879285","884.46558220968","902.045717105461","-0.795323199573545","-0.40591116960843","0.00267038206892696","0.0429312002608585",NA,NA,"0.0186799554706037",NA,NA,NA,NA,NA,NA,NA,NA,"0.00320047610445167",NA,NA,NA,NA
"78130","3","-0.323968074164541","0.225568745687665","-1.43622767053519","-0.320616645212148","0.228253534911788","-1.40465139055154","-0.268351601388898","0.210595400895707","-1.27425195539666","901.477117352175","885.762560793151","875.265216726334","885.766125907599","875.352040134695","901.911088137885","-0.00356511444783791","-0.0868234083617381","0.00730143843494403","0.015638318407998",NA,"0.0935521644363658","0.029466172649535",NA,NA,NA,NA,NA,NA,NA,NA,"0.00111283640820239",NA,NA,NA,"0.0379609183587355"
"78130","4","-0.279229339434031","0.222850407149845","-1.25299003490838","-0.279616380252267","0.228204468414566","-1.2252888043555","-0.330449075883214","0.21117620884746","-1.56480257736755","901.477117352175","891.325147599225","881.38889019638","891.802106914818","881.927461135623","901.134686744495","-0.47695931559258","-0.538570939243073","0.00561540167981161","0.0103725774889214","0.15010787315929",NA,"0.0714663109875384",NA,NA,NA,NA,NA,NA,NA,NA,"0.0201599637468101","0.104791409678086",NA,NA,"0.070781329599569"
"78130","5","-0.346744097823693","0.223116335615702","-1.55409552091663","-0.359044816678892","0.226457637022629","-1.58548336633493","-0.324127498349738","0.211115322875346","-1.53531015150956","901.477117352175","891.648754219584","884.62429252409","891.320235463141","884.199430675167","901.220291663463","0.328518756443145","0.424861848923456","0.00816569269802906","0.0617736298570073",NA,"0.149179370148672","0.0785727267982371",NA,NA,NA,NA,NA,NA,NA,NA,"0.0299941429693366",NA,NA,NA,"0.0126482918576831"
"78130","6","-0.304917317429101","0.220543517910766","-1.38257211237772","-0.275712550205268","0.222847236332349","-1.23722669727919","-0.280577246036384","0.210706743325305","-1.33160069586955","901.477117352175","890.037904235762","879.949597236382","890.189739782611","880.463385997678","901.769714307851","-0.151835546849156","-0.513788761295245","0.00864604533321143","0.0926572709035438",NA,NA,NA,NA,NA,NA,"0.0186862484537309",NA,NA,NA,NA,"0.00752032328725724",NA,NA,NA,"0.00751869959879158"
"78130","7","-0.233075849187503","0.22205538900694","-1.04962933000567","-0.200131060123225","0.22456839251871","-0.891180890946401","-0.220358386238295","0.210172138415692","-1.04846621393011","901.477117352175","884.947666732718","877.465385749722","885.873485076941","878.687450647022","902.410110279572","-0.925818344222648","-1.2220648972999","0.000761628461787093","0.0050805768406918",NA,NA,"0.0372573845985272",NA,NA,NA,NA,NA,NA,NA,NA,"0.034603837216292","0.11088760182113",NA,NA,"0.04155116064291"
"78130","8","-0.232422788868139","0.221805735564005","-1.04786645069","-0.255050332932722","0.222613939632034","-1.14570692812096","-0.145238852638547","0.20955227346096","-0.693091276175564","901.477117352175","882.268292421226","877.267630437899","883.197190688803","877.989487851621","903.006121090459","-0.928898267577097","-0.721857413721978","0.000252027549648138","0.0351548707826095",NA,NA,"0.0072777947534979",NA,NA,NA,NA,NA,NA,NA,NA,"0.00814795792643961",NA,NA,NA,NA
"78130","9","-0.262822804227988","0.219939195823812","-1.19497938165842","-0.260368483431488","0.221299523805201","-1.17654335153779","-0.238189467827717","0.210326851580731","-1.13247293932078","901.477117352175","888.896760605525","883.184252067761","889.509715116178","883.838442272171","902.235229608197","-0.612954510652912","-0.654190204410384","0.00394051262148058","0.0309257688021521",NA,NA,"0.0364485498261212",NA,NA,NA,NA,NA,NA,NA,NA,"0.00707346024027491",NA,NA,NA,"0.120274816805842"
"78130","10","-0.329100621851126","0.222561115079391","-1.47869775784387","-0.259730105958696","0.225069848571869","-1.1539977816076","-0.274452694759976","0.210650783879206","-1.30288000692822","901.477117352175","887.685162504519","878.439271606643","887.573928086275","879.142211012387","901.841250627765","0.111234418244294","-0.702939405744473","0.00622965958090392","0.0155516230598371",NA,NA,"0.0683422738783278",NA,NA,NA,NA,NA,NA,NA,NA,"0.0296003221960167","0.104691596680827",NA,NA,"0.0162407851530161"
"78130","11","-0.245285628877707","0.219438976418032","-1.11778514866218","-0.240024107555949","0.222722857704209","-1.07768062079518","-0.268351601388905","0.210595400895707","-1.27425195539669","901.477117352175","890.889923427351","884.142779433951","891.674781550072","885.010621056851","901.911088137884","-0.784858122720607","-0.867841622899277","0.00421305434883774","0.0286113486113027",NA,NA,NA,NA,NA,NA,"0.123218426368197",NA,NA,NA,NA,"0.00523300525938604",NA,NA,NA,"0.0620850358580237"
"78130","12","-0.295027616257817","0.222419941899185","-1.32644408472844","-0.205634341545885","0.223665052794026","-0.919385210058965","-0.324127498349738","0.211115322875347","-1.53531015150955","901.477117352175","879.943282909046","873.759577110969","880.238925129717","874.932543935116","901.220291663463","-0.295642220671198","-1.1729668241469","7.69262347331619e-05","0.0228733382075489",NA,NA,NA,NA,NA,"0.0273904065956869",NA,NA,NA,NA,NA,"0.0276180262617711","0.0880013238235639",NA,NA,"0.110625555862104"
"78130","13","-0.288429970153693","0.223219965208917","-1.29213338907093","-0.295081946793583","0.224763177156087","-1.31285716160109","-0.214457697113449","0.210121592860566","-1.0206361668682","901.477117352175","889.818562904605","883.140398459477","890.198965266934","883.467949568404","902.465206034048","-0.380402362328255","-0.327551108926968","0.0115898900267755","0.0377969319001587",NA,NA,"0.0213910276609327",NA,NA,NA,NA,NA,NA,NA,NA,"0.00435536459254149",NA,NA,NA,"0.128695134245593"
"78130","14","-0.298357857646412","0.218663256483809","-1.36446270143473","-0.295399956530846","0.22032128470845","-1.34076903609993","-0.196881598913377","0.209972935795032","-0.937652265364171","901.477117352175","889.480171137528","881.436998970082","889.680165068622","881.696712747545","902.621055410192","-0.199993931093104","-0.259713777463162","0.0110737873968359","0.0474601638160857",NA,NA,"0.0274692728051285",NA,NA,NA,NA,NA,NA,NA,NA,"0.00909748733027046",NA,NA,NA,"0.0246709836400847"
"78130","15","-0.248537984576668","0.220527803363858","-1.12701428475481","-0.270988568524069","0.223304966921279","-1.21353578588155","-0.208578145329068","0.210071548414821","-0.992890978825919","901.477117352175","888.205219879701","877.385853317522","888.969199740434","877.953915861805","902.518721531776","-0.76397986073323","-0.568062544283748","0.0105253164392237","0.0224123391014715",NA,NA,NA,NA,NA,NA,"0.0775586897346295",NA,NA,NA,NA,"0.00202583232067994",NA,NA,NA,"0.0228345627282138"
"78130","16","-0.364082274695223","0.221518410130035","-1.64357569414434","-0.374010641694016","0.222070156986683","-1.68420037509337","-0.274452694759937","0.210650783879205","-1.30288000692805","901.477117352175","888.282626510012","884.597795489068","887.684916594891","883.871452653154","901.841250627765","0.597709915121072","0.726342835914238","0.0106832019658354","0.0281301595141433",NA,NA,"0.0189580948936765",NA,NA,NA,NA,NA,NA,NA,NA,"0.0223091599398616",NA,NA,NA,"0.115055377497073"
"78130","17","-0.238870229705915","0.22352341622814","-1.06865863870885","-0.191061571921396","0.225241803681277","-0.848250940983197","-0.25018661243468","0.210432629581395","-1.18891548773765","901.477117352175","892.055748997444","882.650608868003","892.94233240847","883.944885532555","902.110533297588","-0.886583411026095","-1.29427666455149","0.006301068197394","0.0266912886367942",NA,NA,"0.0426630851274485",NA,NA,NA,NA,NA,NA,NA,NA,"0.0308723061946573","0.142040145352976",NA,NA,"0.0737833169236825"
"78130","18","-0.260926896729659","0.224772014275631","-1.16085135229376","-0.267578699943544","0.227646583064366","-1.17541276632247","-0.226280430177289","0.210223192000124","-1.07638185884437","901.477117352175","891.363813290856","881.999168881331","892.051077082686","882.651931801857","902.353423161102","-0.687263791830333","-0.652762920526357","0.00282702861416193","0.0826808496099933",NA,NA,NA,NA,NA,NA,"0.0711013136307957",NA,NA,NA,NA,"0.0056021699605082",NA,NA,NA,"0.0229780351308226"
"78130","19","-0.298397707731754","0.224419218216326","-1.32964418156076","-0.281891956830733","0.225827608213521","-1.24826171193472","-0.214457697113461","0.210121592860567","-1.02063616686825","901.477117352175","884.427381277388","874.421038369762","884.712340604307","874.905864074311","902.465206034048","-0.284959326918738","-0.48482570454928","0.00169883674044329","0.0157971805271661",NA,NA,"0.0199218036602956",NA,NA,NA,NA,NA,NA,NA,NA,"0.00156541442567016",NA,NA,NA,"0.0450062209452852"
"78130","20","-0.261589418834241","0.221467091946107","-1.18116608899121","-0.251006347599008","0.22365370822039","-1.12229906490826","-0.179490042961235","0.209828609236836","-0.855412632310032","901.477117352175","891.392722579571","883.332453014612","892.036077955426","884.104495990617","902.762973173068","-0.643355375854412","-0.772042976005082","0.0162300068078227","0.0198863684368243",NA,NA,"0.0221874812637451",NA,NA,NA,NA,NA,NA,NA,NA,"0.0196148645899773","0.0872464098293998",NA,NA,"0.133843305848062"
"79273","1","0.501784885773069","0.545072513486408","0.920583726674344","0.604972883404827","0.554403666660218","1.09121371265317","0.61112030889878","0.539112723296786","1.13356684509624","298.539951707584","297.846567263392","292.808163927845","298.898235973651","293.459093374094","299.056010247435","-1.05166871025904","-0.650929446248767","0.0830490055838696",NA,NA,NA,NA,NA,NA,NA,NA,NA,NA,NA,NA,NA,NA,"0.00697066919305269","0.0689911369545727",NA
"79273","2","0.445918527230291","0.539685898837618","0.826255657579187","0.410809621044485","0.550976684568311","0.745602550072246","0.445918527230291","0.539685898837618","0.826255657579187","298.539951707584","298.539951707584","293.294272713277","299.781253816165","294.686686613565","299.781253816165","-1.24130210858146","-1.39241390028792","0.136540509339575",NA,NA,NA,NA,NA,NA,NA,NA,NA,NA,NA,NA,NA,"0.0936668932341603","0.00466155479296271","0.0297174209506368",NA
"79273","3","0.543850790891758","0.539341297907445","1.00836111197457","0.667334298929117","0.55409809566942","1.20436129296365","0.543850790891758","0.539341297907445","1.00836111197457","298.539951707584","298.539951707584","293.450317248852","299.383839988556","293.784729170309","299.383839988556","-0.843888280971726","-0.33441192145699",NA,NA,NA,NA,NA,NA,NA,NA,NA,NA,NA,NA,NA,NA,NA,"0.0095329544781473","0.0516114585566513",NA
"79273","4","0.478897970612986","0.545802473138196","0.877419935200128","0.665903447450263","0.556483127697367","1.19662827911002","0.590706236533719","0.539181596715158","1.09556082798905","298.539951707584","298.026303978193","293.546174408829","299.169623713437","293.907629494972","299.160355672126","-1.14331973524435","-0.361455086142598","0.0951176008873629",NA,NA,NA,NA,NA,NA,NA,NA,NA,NA,NA,NA,NA,"0.0904173734551076","0.00758548276044757","0.0429922257013059",NA
"79273","5","0.425627149631229","0.541753836516879","0.785646766006737","0.509239865752264","0.553140466228882","0.92063390195276","0.495628024682093","0.539508820584614","0.918665285481389","298.539951707584","298.002754018324","294.144897332298","299.321397602178","295.201111287413","299.591083006808","-1.31864358385457","-1.0562139551148","0.100528141778837",NA,NA,NA,NA,NA,NA,NA,NA,NA,NA,NA,NA,NA,NA,"0.0131150499345164","0.0819320283340367",NA
"79273","6","0.426176792095388","0.545055229643934","0.781896528859644","1.03421732679301","0.622130088659914","1.66238114125093","0.554377333430952","0.539305189554395","1.02794733699672","298.539951707584","296.871112495809","290.170949712245","298.198191609926","288.922298861737","299.335553201504","-1.32707911411666","1.24865085050851","0.031387791517192","0.103219468514729",NA,NA,NA,NA,NA,"0.115346683426903","0.130499636724643","0.0274963478266714",NA,NA,NA,NA,"0.0291841583638833","0.0106427951816271","0.00978822422610195",NA
"79273","7","0.522594037328891","0.539414688961778","0.968816845412085","0.754069258318916","0.574751670013789","1.31199141761663","0.522594037328891","0.539414688961778","0.968816845412085","298.539951707584","298.539951707584","295.670688989942","299.477999978996","295.700785123992","299.477999978996","-0.938048271412242","-0.0300961340496997","0.14673990470723","0.119528358192799",NA,NA,NA,NA,NA,NA,NA,NA,NA,NA,NA,NA,NA,"0.00700787859690682","0.104029659012167",NA
"79273","8","0.559615685003207","0.5392872744147","1.03769495694214","0.754744562843669","0.549909757590501","1.3724880354018","0.559615685003207","0.5392872744147","1.03769495694214","298.539951707584","298.539951707584","294.260283605035","299.311111826029","294.045989481474","299.311111826029","-0.771160118445664","0.214294123560933",NA,NA,NA,NA,NA,NA,NA,NA,NA,NA,NA,NA,NA,NA,"0.116766811088838","0.00717326116606295","0.0451602453544388",NA
"79273","9","0.617790888940367","0.540072205551573","1.14390424574696","0.720274830255287","0.548015285399603","1.31433346741428","0.661122470390407","0.538945184542693","1.22669705445348","298.539951707584","297.267744522827","290.564220393727","297.755290983459","290.543761802428","298.782121549453","-0.487546460632302","0.020458591299473","0.0483036218629131",NA,NA,NA,NA,NA,NA,NA,NA,NA,NA,NA,NA,NA,"0.0634331885565603","0.00337888975707567","0.0189556318493484",NA
"79273","10","0.447062305402431","0.541664903562467","0.825348481066714","0.558535208900436","0.549297727969034","1.01681689266321","0.511861292329305","0.539452008282027","0.94885417881641","298.539951707584","298.163288406305","292.949303010382","299.407613357623","293.781844606608","299.523855633434","-1.24432495131765","-0.83254159622652","0.095450095610413",NA,NA,NA,NA,NA,NA,NA,NA,NA,NA,NA,NA,NA,NA,"0.00835589564705692","0.038180759082091",NA
"79273","11","0.583065566615131","0.540905371650965","1.07794375351734","1.01157185357493","0.577414067898395","1.75190025635629","0.641293598069223","0.539011475182503","1.18975871126322","298.539951707584","298.250945285775","293.080462895357","298.92096262656","291.406945679986","298.893875941833","-0.67001734078508","1.67351721537096",NA,"0.102246566878384",NA,NA,NA,NA,NA,NA,NA,NA,NA,NA,NA,NA,"0.0964204991072122","0.00243053299645244","0.0384873710611318",NA
"79273","12","0.521660458384466","0.541764956107719","0.96289073795453","0.96479787648682","0.576053988592294","1.67483933032822","0.590706236533714","0.539181596715084","1.0955608279892","298.539951707584","298.293135786347","294.748349579779","299.247315366437","293.418576889194","299.160355672126","-0.954179580089999","1.32977269058472",NA,"0.130822993594807",NA,NA,NA,NA,NA,NA,NA,NA,NA,NA,NA,NA,NA,"0.00843210293409391","0.0478157408269801",NA
"79273","13","0.45710018776099","0.539645625092318","0.847037697531214","0.73825783495249","0.570745097686536","1.2934983374276","0.45710018776099","0.539645625092318","0.847037697531214","298.539951707584","298.539951707584","292.935450828438","299.740515583089","293.015593801564","299.740515583089","-1.20056387550517","-0.0801429731254757",NA,"0.115117499630362",NA,NA,NA,NA,NA,NA,NA,NA,NA,NA,NA,NA,NA,"0.00423320131660083","0.0293625830598459",NA
"79273","14","0.365635561061171","0.544312801492554","0.671737941967498","0.515312929692094","0.556270262447441","0.926371522045516","0.462661508082661","0.539625694269052","0.857374867424276","298.539951707584","298.306008005699","293.638850603839","299.815521601282","294.684302354862","299.719816382913","-1.50951359558223","-1.04545175102356","0.140973771787835",NA,NA,NA,NA,NA,NA,NA,NA,NA,NA,NA,NA,NA,"0.132387526842055","0.00482105050293397","0.053138838377437",NA
"79273","15","0.573110412663488","0.541207687340342","1.05894728783312","0.730241886468112","0.549007483058837","1.33011281084825","0.631294161497806","0.539044969037314","1.17113450223873","298.539951707584","298.534587454995","294.550916028298","299.254320903291","294.478939402198","298.948660284391","-0.719733448296552","0.0719766261004224",NA,NA,NA,NA,NA,NA,NA,NA,NA,NA,NA,NA,NA,NA,NA,"0.0251074887408969","0.0412838546606406",NA
"79273","16","0.484714430944517","0.539547279920535","0.898372485569579","0.819079365417444","0.579632844838611","1.41310033189286","0.484714430944517","0.539547279920535","0.898372485569579","298.539951707584","298.539951707584","294.186544936409","299.634849989753","293.885758849501","299.634849989753","-1.0948982821692","0.30078608690792",NA,"0.0734271145512358",NA,NA,NA,NA,NA,NA,NA,NA,NA,NA,NA,"0.089175585920366",NA,"0.00329381041870672","0.0657570411288972",NA
"79273","17","0.361311618132932","0.545333562856984","0.662551588132651","1.04548776324577","0.602428332199947","1.73545583327374","0.462661508082516","0.539625694268998","0.857374867424093","298.539951707584","298.252870696233","292.95747272925","299.776589428112","291.374452929855","299.719816382913","-1.5237187318798","1.58301979939557",NA,"0.0977893494940198",NA,NA,NA,NA,NA,"0.0757757109560958","0.0851210511395057","0.0214537895735016",NA,NA,NA,NA,"0.0118256725072458","0.00839753321982876","0.0173767370367339",NA
"79273","18","0.417573803806621","0.546237335518059","0.764454892872872","0.448059970024544","0.556407580321661","0.805272943559682","0.522594037328302","0.539414688961768","0.968816845411012","298.539951707584","298.476924811876","293.655948243182","299.835379530821","294.944822207846","299.477999978996","-1.35845471894544","-1.28887396466394","0.113877835866864",NA,NA,NA,NA,NA,NA,NA,NA,NA,NA,NA,NA,NA,"0.142307061709264","0.00735179459065267","0.0308268708440551",NA
"79273","19","0.440721014963055","0.546135006614501","0.806981807841052","0.548142750705108","0.551192886204309","0.994466301043532","0.570043297304843","0.539251711475981","1.05710058062604","298.539951707584","297.491550125276","293.244768802212","298.773053266441","294.132802835488","299.26163825049","-1.28150314116573","-0.888034033276597","0.0576001420178802",NA,NA,NA,NA,NA,NA,NA,NA,NA,NA,NA,NA,NA,NA,"0.0140132241550639","0.0587524229601242",NA
"79273","20","0.47372607246713","0.539586230748048","0.877943219215187","0.4973265764985","0.549287809916366","0.90540253673975","0.47372607246713","0.539586230748048","0.877943219215187","298.539951707584","298.539951707584","294.148332811971","299.677764499754","295.234462300121","299.677764499754","-1.13781279217005","-1.0861294881505",NA,NA,NA,NA,NA,NA,NA,NA,NA,NA,NA,NA,NA,NA,"0.116828799804865","0.00837762994304521","0.019704079868441",NA
"444446","1","-0.146452695390935","0.363264259915789","-0.403157457397226","-0.0289372821836512","0.379851704832734","-0.0761804720513064","-0.121461668537009","0.362311798108456","-0.335240721310019","413.626314023366","410.858442986329","399.108934986124","412.700152489727","401.10315829762","415.516390742185","-1.84170950339785","-1.99422331149577",NA,NA,NA,"0.00542525414108203",NA,"0.024510324931684",NA,"8.87124850115016e-05",NA,NA,NA,"0.0210884158717003",NA,NA,NA,NA,NA,NA
"444446","2","0.0469672997182191","0.365779927542413","0.128403163163657","0.150726078584096","0.386272391438738","0.390206708853022","-0.0285042153537778","0.361879503380653","-0.078767145106295","413.626314023366","411.665263557702","398.142861245396","413.648642203824","399.987097221401","415.620141822638","-1.98337864612176","-1.84423597600579",NA,NA,NA,"0.013813646488684",NA,"0.0392897093703371",NA,"4.47699033936438e-05",NA,NA,NA,"0.00431165430224998",NA,NA,NA,NA,NA,"0.139289770421461"
"444446","3","-0.154987762268139","0.36348215198286","-0.426397173623664","0.110124750689979","0.387667138731211","0.284070378135234","-0.115842791931359","0.362284389852999","-0.319756509460326","413.626314023366","411.150784808199","403.125662117245","412.973978903506","405.043635580791","415.526207601469","-1.82319409530663","-1.91797346354525",NA,NA,NA,"0.0769504497631381",NA,"0.0280538952113963",NA,"0.00129050982523348",NA,NA,NA,"0.0129917442038444",NA,NA,NA,NA,NA,"0.140914419950705"
"444446","4","-0.133003466778748","0.364817475930633","-0.364575371394865","-0.0731896048002952","0.388402810026979","-0.188437372003595","-0.0552986401961862","0.361999573557174","-0.152758854527911","413.626314023366","412.009688453512","397.816673885418","413.879863805694","399.781534419035","415.603212407664","-1.87017535218166","-1.96486053361718",NA,NA,NA,"0.00586068565442399",NA,"0.028932676583669",NA,"5.44813152819527e-05",NA,NA,NA,"0.00303628871230088",NA,NA,NA,NA,NA,"0.143730484566589"
"444446","5","-0.0843976611621599","0.366800064469909","-0.230091729357053","-0.0612300907979004","0.383325456553246","-0.159733953879464","-0.167148003423547","0.362541004795197","-0.461045788511484","413.626314023366","411.937580845035","400.475385263335","413.885404305627","402.450111320744","415.42014420344","-1.94782346059174","-1.97472605740921",NA,NA,NA,"0.00186413881161695",NA,"0.0550753307250497",NA,"2.6316243084855e-05",NA,NA,NA,"0.024149595125583",NA,NA,NA,NA,"0.143961664480384",NA
"444446","6","-0.161016368386973","0.363093346272126","-0.443457226743826","0.00358984973352687","0.381296471062311","0.00941485171243617","-0.144138726453231","0.362424141959745","-0.397707298619307","413.626314023366","412.266315982878","401.434993374991","414.07532094177","403.434904692386","415.472251186223","-1.80900495889165","-1.99991131739574",NA,NA,NA,"0.0418370434965232","0.155730473479437","0.0352281183679394",NA,"6.9326715203489e-05",NA,NA,NA,"0.0121654795160743",NA,NA,NA,NA,NA,NA
"444446","7","-0.0612767426608451","0.367800970474264","-0.166602993411984","-0.0502223958752273","0.390141196939131","-0.128728768633636","-0.132759489846052","0.362367420508077","-0.366367069257796","413.626314023366","411.236352002505","397.506800893317","413.208882761271","399.490345994941","415.495302401773","-1.97253075876574","-1.98354510162363",NA,NA,NA,"0.0258710128582811","0.131538202329966","0.0453862520354272",NA,"1.76675725485599e-05",NA,NA,NA,"0.00467663249508561",NA,NA,NA,NA,NA,NA
"444446","8","-0.061682450446194","0.362720258062925","-0.170055157039211","0.0804297085074791","0.38218438611962","0.210447395101864","-0.0607102419199684","0.362024261981336","-0.167696611237338","413.626314023366","411.452317762796","400.137455352667","413.423719599917","402.092636202333","415.598500925571","-1.97140183712094","-1.95518084966608",NA,NA,NA,"0.00963175643857095",NA,"0.0255541844066221",NA,"0.000385216783183071",NA,NA,NA,"0.00701614859963817",NA,NA,NA,NA,NA,NA
"444446","9","-0.205882117306373","0.363600336474473","-0.566231921847594","0.0733920818097312","0.385166786243585","0.190546237191171","-0.190503082535272","0.362662644008336","-0.525290061390754","413.626314023366","410.645525522288","395.772392887397","412.336641090357","397.735688722282","415.359829308558","-1.69111556806911","-1.96329583488512",NA,NA,NA,"0.00828014719275646",NA,"0.00975464049178868",NA,"9.05149082126579e-05",NA,NA,NA,"0.00141213651757566",NA,NA,NA,NA,NA,NA
"444446","10","-0.125892105943947","0.363552762229345","-0.346282903125156","0.106253455299805","0.389605560564027","0.272720582185693","-0.0770534823831713","0.362099728357761","-0.212796299883001","413.626314023366","411.973960465739","398.105621385395","413.85672850794","400.030132502215","415.581662842298","-1.88276804220033","-1.92451111682038",NA,NA,NA,"0.00717591578483226",NA,"0.0519500175678645",NA,"6.13888581246749e-05",NA,NA,NA,"0.00667088609255646",NA,NA,NA,NA,NA,NA
"444446","11","-0.0829797555583152","0.36275291114526","-0.228750074799778","0.0584725685157116","0.377468992078261","0.1549069453196","-0.0607102419201936","0.362024261981327","-0.167696611237965","413.626314023366","412.176987090077","402.529664146269","414.125439292441","404.5054446909","415.598500925571","-1.94845220236454","-1.97578054463065",NA,NA,NA,"0.0202863356194822",NA,"0.0601807579591702",NA,"0.000814589737079412",NA,NA,NA,"0.00630815636554792",NA,NA,NA,NA,NA,NA
"444446","12","-0.0826806417633533","0.367523850168362","-0.22496673814632","0.0590034797408225","0.384210129951761","0.153570859123966","-0.138438830534926","0.3623956419784","-0.382010196864282","413.626314023366","412.524266436908","404.014358614688","414.474365774821","405.990566510036","415.48402393211","-1.95009933791289","-1.97620789534778",NA,NA,NA,"0.021740234378694",NA,"0.0771459485960417",NA,"0.00173296903282998",NA,NA,NA,"0.00408215937544788",NA,NA,NA,NA,NA,NA
"444446","13","-0.0740995293517038","0.362906593897781","-0.204183474749911","0.0853536562438187","0.380355261926653","0.224405088578157","-0.0499048295287411","0.361975113721839","-0.137868123075142","413.626314023366","410.685438159953","398.065470943091","412.644300416583","400.014452320596","415.607478205399","-1.95886225663025","-1.94898137750539",NA,NA,NA,"0.00925163656247226",NA,"0.0201745800322146",NA,"0.00018808725645329",NA,NA,NA,"0.00389094778168377",NA,NA,NA,NA,NA,NA
"444446","14","-0.0220970658220001","0.362467703833774","-0.0609628543130389","0.207683918214524","0.386071103700389","0.537942146469728","-0.0073753741412101","0.361787328594583","-0.0203859382523452","413.626314023366","411.591019068792","398.943696345253","413.587317384388","400.645663318564","415.625898993154","-1.99629831559668","-1.70196697331039",NA,NA,NA,"0.0259355813726141","0.109884694441567","0.0294584382949802",NA,"3.1860688920736e-05",NA,NA,NA,"0.00800730287260306",NA,NA,NA,NA,NA,NA
"444446","15","0.0314238037822999","0.362289918585544","0.0867366221643291","0.158756413096815","0.379108398339624","0.418762585561592","0.0494057382114702","0.361550251679231","0.13664971323351","413.626314023366","411.215553447034","400.298320669214","413.207987620428","402.118749650689","415.607473094441","-1.99243417339329","-1.8204289814754",NA,NA,NA,"0.0109269784124882",NA,"0.0187402102199365",NA,"0.000210683639557986",NA,NA,NA,"0.012729652820834",NA,NA,NA,NA,NA,NA
"444446","16","-0.141555107897216","0.363540933174074","-0.389378732846668","-0.00967734238888714","0.378637680103486","-0.025558318406774","-0.0935630158849634","0.362177360705428","-0.258334799565403","413.626314023366","411.909510520657","399.074622325366","413.761706213503","401.073970142127","415.560705547485","-1.85219569284595","-1.99934781676063",NA,NA,NA,"0.0353256214237383","0.123140852738983","0.0216173270360496",NA,"3.40777226133689e-05",NA,NA,NA,"0.010357111372362",NA,NA,NA,NA,NA,NA
"444446","17","-0.0790976415683741","0.362483490076791","-0.218210328839025","0.165371896472688","0.392140087077797","0.421716376168091","-0.0770534823834159","0.362099728357761","-0.212796299883676","413.626314023366","413.13035251606","402.081795573348","415.083415053219","403.899644274393","415.581662842298","-1.95306253715927","-1.81784870104519",NA,NA,NA,"0.0496817506575494","0.138122376456344","0.130000685148743",NA,"0.000141835066403316",NA,NA,NA,"0.00904917701200571",NA,NA,NA,NA,NA,"0.144799595392633"
"444446","18","-0.0875375967284523","0.36273258044257","-0.241328188997106","0.150733649712523","0.387280513018446","0.389210519624941","-0.0661398025046186","0.362049181925599","-0.182681817295779","413.626314023366","412.433443019278","398.324556954122","414.376118434303","400.169776112325","415.593340826414","-1.94267541502535","-1.84521915820295",NA,NA,NA,"0.0259917570647268","0.116898078268875","0.0476718821511498",NA,"1.34986828208904e-05",NA,NA,NA,"0.0103905425923227",NA,NA,NA,NA,NA,NA
"444446","19","-0.177974933766181","0.363274612459751","-0.489918446436715","-0.0103822041295155","0.379784802200091","-0.0273370710712264","-0.161363808841644","0.362511351686737","-0.445127602462187","413.626314023366","411.662371432064","395.511487332753","413.429972301249","397.510741296275","415.433930806567","-1.76760086918455","-1.99925396352228",NA,NA,NA,"0.0350680732492653","0.125981246722299","0.0190823963941441",NA,"1.59909853800278e-05",NA,NA,NA,"0.00146751519698362",NA,NA,NA,NA,NA,NA
"444446","20","0.0416678165197815","0.36666302393927","0.113640628586216","0.262048288642263","0.389157305708006","0.673373684108309","-0.0285042153538232","0.361879503380654","-0.0787671451064202","413.626314023366","411.597608614115","396.519694941778","413.584602480382","398.048866860581","415.620141822638","-1.98699386626669","-1.52917191880317",NA,NA,NA,"0.00380049945882174",NA,"0.0291632681050578",NA,"3.5392461317562e-05",NA,NA,NA,"0.00305608191582039",NA,NA,NA,NA,NA,NA
"851674","1","-0.368584116958601","0.477479688945334","-0.771936745147709","-0.27120440806784","0.485436774642164","-0.558681217070453","-0.175731744091397","0.468638401108462","-0.374983662618646","261.491952693723","257.123239825269","248.838201569585","258.563146120366","250.53917610195","263.355711181605","-1.43990629509619","-1.70097453236525",NA,NA,"0.0278254820448149",NA,NA,NA,NA,NA,NA,NA,NA,NA,"0.00195041209365897","0.0427167187878052",NA,NA,NA,NA
"851674","2","-0.262974280389132","0.479187267299597","-0.548792295486256","-0.368887723177011","0.491282844245919","-0.750866283033402","-0.0521857519484272","0.468231429029774","-0.111452902801851","261.491952693723","257.756790985615","254.561857373814","259.468299276131","256.027554939093","263.479646283696","-1.71150829051669","-1.4656975652783",NA,NA,"0.0249753072661959",NA,NA,NA,NA,NA,NA,NA,NA,"0.0218691194923634",NA,"0.109640437070852",NA,NA,NA,NA
"851674","3","-0.374186884517915","0.476720827367653","-0.78491826460382","-0.375371951566395","0.486012438957138","-0.772350502739909","-0.197247203733891","0.468714904879587","-0.420825541668156","261.491952693723","257.662142226997","249.739360935198","259.083892307028","251.177018105254","263.321034091678","-1.42175008003028","-1.43765717005633",NA,NA,"0.0294631631774731",NA,NA,NA,NA,NA,NA,NA,NA,NA,"0.00168673022860909","0.0543385911656429",NA,NA,NA,NA
"851674","4","-0.365013068032896","0.479800169693477","-0.760760606370954","-0.339478610256352","0.485815684350555","-0.698780671748324","-0.154496518323948","0.4685645953178","-0.329722987754041","261.491952693723","258.080221303423","253.323015408896","259.535188063835","254.859784275948","263.386208572511","-1.45496676041159","-1.53676886705222",NA,NA,"0.0339285914151878",NA,NA,NA,NA,NA,NA,NA,NA,"0.0129135298756866",NA,"0.0681819476562343",NA,NA,NA,NA
"851674","5","-0.493893131525431","0.485477483432964","-1.01733478560727","-0.652496639529772","0.496687860836412","-1.31369556411341","-0.219053562534116","0.468794255975456","-0.467270150480649","261.491952693723","257.322843428227","251.111470049215","258.365457921275","251.539831366053","263.282061484041","-1.04261449304852","-0.428361316837908",NA,NA,"0.00736459444861013",NA,NA,NA,NA,NA,NA,NA,NA,"0.00431196309712996",NA,"0.0926668736022428",NA,NA,NA,NA
"851674","6","-0.526118133962511","0.480923725574663","-1.09397417092252","-0.467264943748077","0.485851887445245","-0.961743600925575","-0.303617309359235","0.469120043798715","-0.64720600488669","261.491952693723","257.662142226997","252.357318062331","258.565070801013","253.498088724805","263.095483807607","-0.902928574015675","-1.14077066247393",NA,NA,"0.022651304359196",NA,NA,NA,NA,NA,NA,NA,NA,"0.0116296188475443",NA,"0.0542713546323331",NA,NA,NA,NA
"851674","7","-0.351283322896865","0.48025616034427","-0.731449905077842","-0.285966001742626","0.492758620857306","-0.580336882275342","-0.123147080959291","0.468458641718929","-0.262877167784596","261.491952693723","257.123239825269","249.565733972602","258.618062684325","251.243061501407","263.424356105445","-1.49482285905583","-1.67732752880482",NA,NA,"0.0203559560867009",NA,NA,NA,NA,NA,NA,NA,NA,NA,"0.00252643641716654","0.0470112483218906",NA,NA,NA,NA
"851674","8","-0.430747478007186","0.479036596153857","-0.899195346379839","-0.413143430765069","0.487884537213433","-0.84680574859935","-0.23006931601223","0.468835048735016","-0.490725504914766","261.491952693723","257.989044512854","251.418957577516","259.236537003392","252.746213269247","263.26092638852","-1.24749249053787","-1.32725569173172",NA,NA,"0.0197202468780661",NA,NA,NA,NA,NA,NA,NA,NA,"0.00389273032478013",NA,"0.069531556432632",NA,NA,NA,NA
"851674","9","-0.364868093957779","0.47855420791982","-0.762438377762444","-0.257495755679016","0.490672784287967","-0.524781002583375","-0.165079747464101","0.468601169920839","-0.352281978920344","261.491952693723","257.803738738856","250.262925214873","259.256667695897","251.99818785035","263.371475344739","-1.45292895704057","-1.73526263547657",NA,NA,"0.0387409362284065",NA,NA,NA,NA,NA,NA,NA,NA,NA,"0.00285969345212109","0.0459448829635239",NA,NA,NA,NA
"851674","10","-0.348551739598013","0.477905808794697","-0.729331456499929","-0.353105987160089","0.487610084281952","-0.724156449061279","-0.159779615868829","0.468582801634099","-0.340984806338657","261.491952693723","258.125444368027","252.559076793704","259.623628475336","254.062317678924","263.378969971775","-1.49818410730904","-1.50324088522004",NA,NA,"0.0256641693667791",NA,NA,NA,NA,NA,NA,NA,NA,"0.00636103069542503",NA,"0.0856266429737142",NA,NA,NA,NA
"851674","11","-0.371819174704141","0.477184321236971","-0.779194030810359","-0.237671732044464","0.493188066907371","-0.481908926821425","-0.186453790928424","0.468676306643586","-0.397830631259575","261.491952693723","257.469800190594","246.53448687568","258.899555606367","248.310517738258","263.338902189323","-1.42975541577249","-1.77603086257784",NA,NA,"0.0213208519600432",NA,NA,NA,NA,NA,NA,NA,NA,NA,"0.000471784138909486","0.033802014919474",NA,NA,NA,NA
"851674","12","-0.464276883820631","0.483611991944358","-0.960019378249926","-0.319942504820991","0.486746102035084","-0.65730881764294","-0.21357409683263","0.468774142718367","-0.455601274409333","261.491952693723","257.803738738856","252.326804872676","258.948167700515","253.915804305964","263.292213916677","-1.144428961659","-1.58899943328811",NA,NA,"0.0167586522655693",NA,NA,NA,NA,NA,NA,NA,NA,NA,"0.00935134099405125","0.0762738578030153",NA,NA,NA,NA
"851674","13","-0.300005473903352","0.478398438541887","-0.627103789924021","-0.415224452674278","0.489489142476459","-0.848281231680736","-0.12314708095899","0.46845864171898","-0.262877167783924","261.491952693723","259.44994569444","253.701479683781","261.075763267997","255.025619765939","263.424356105445","-1.62581757355673","-1.32414008215849",NA,NA,"0.0441437350513533",NA,NA,NA,NA,NA,NA,NA,"0.13167239675602","0.012828561120134",NA,"0.0530834955792577",NA,NA,NA,NA
"851674","14","-0.323242745554126","0.479437847216603","-0.674211991044773","-0.3315119615645","0.481431326265451","-0.688596573339126","-0.117978977328103","0.468441511336892","-0.251854232541008","261.491952693723","258.259664616172","253.08512901474","259.828620006877","254.635641051154","263.429848307946","-1.56895539070524","-1.55051203641418",NA,NA,"0.024743253947307",NA,NA,NA,NA,NA,NA,NA,NA,NA,"0.00875098064969004","0.112378006395412",NA,NA,NA,NA
"851674","15","-0.362106199500566","0.477930533621432","-0.757654458184062","-0.306714891821805","0.484805431445648","-0.632655642712598","-0.170397070432786","0.46861970234495","-0.363614823662187","261.491952693723","257.850436881066","251.935247905109","259.310145466886","253.554054453613","263.363722989641","-1.45970858581984","-1.61880654850341",NA,NA,"0.043338430631579",NA,NA,NA,NA,NA,NA,NA,NA,NA,"0.00479225462167853","0.0623416917229093",NA,NA,NA,NA
"851674","16","-0.417284056474907","0.479104061801821","-0.870967478141553","-0.466909062129615","0.487838273751057","-0.957098053294354","-0.21357409683229","0.468774142718374","-0.4556012744086","261.491952693723","257.850436881066","248.364819526367","259.142743930523","249.512576241067","263.292213916677","-1.29230704945684","-1.14775671470022",NA,NA,"0.0372763183834322",NA,NA,NA,NA,NA,NA,NA,NA,NA,"0.000762441542638732","0.0591034819854757",NA,NA,NA,NA
"851674","17","-0.498196189561276","0.480743469710571","-1.03630360254547","-0.397959446020274","0.491185256894406","-0.810202343076081","-0.309422054508382","0.469143502480223","-0.659546711981642","261.491952693723","259.817711611242","251.780923591733","260.828786222512","253.163640276519","263.080660013129","-1.01107461127054","-1.38271668478592",NA,NA,"0.0715452767591196",NA,NA,NA,NA,NA,NA,NA,NA,NA,"0.00253298448078247","0.0368287521256302",NA,NA,NA,NA
"851674","18","-0.267928554313927","0.47889992664347","-0.559466684807813","-0.353721934303453","0.487330342480942","-0.725836057124405","-0.0771928893111891","0.468309563386076","-0.164833040677308","261.491952693723","258.939794077276","254.148069896341","260.64027152208","255.648784995942","263.465155120235","-1.70047744480411","-1.50071509960117",NA,NA,"0.0308588601986453",NA,NA,NA,NA,NA,NA,NA,NA,"0.0108476014868014",NA,"0.0817716629305606",NA,NA,NA,NA
"851674","19","-0.388601162604909","0.476935382861277","-0.814787865546009","-0.309484969372305","0.486001310853268","-0.636798630910984","-0.208113332472699","0.468754214785714","-0.443971117289762","261.491952693723","257.518269117286","249.928552283907","258.896664192044","251.542335342166","263.302092216915","-1.37839507475837","-1.61378305825852",NA,NA,"0.0345800738229201",NA,NA,NA,NA,NA,NA,NA,NA,NA,"0.00211248264942417","0.0632594240719141",NA,NA,NA,NA
"851674","20","-0.264547150521669","0.479944770394364","-0.551203319299208","-0.420050609840534","0.491646105605437","-0.854375952644359","-0.0521857519484377","0.468231429029776","-0.111452902801873","261.491952693723","258.215165004681","251.418307157563","259.924123467146","252.731863808103","263.479646283696","-1.70895846246549","-1.31355665054019",NA,NA,"0.0181565723134381",NA,NA,NA,NA,NA,NA,NA,NA,"0.00656908773786755",NA,"0.0440457855913296",NA,NA,NA,NA
